playerId,format,vs Team,Span,Mat,Inns,NO,Runs,HS,Avg,BF,SR,100s,50s,0s,4s,6s,
,,,,,,,,,,,,,,,,,
smriti_mandhana,test,vs AUS Women,2021-2026,3,6,1,276,127,55.2,446,61.88,1,1,0,46,1,
smriti_mandhana,test,vs ENG Women,2014-2023,3,6,0,202,78,33.66,384,52.6,0,2,0,33,1,
smriti_mandhana,test,vs SA Women,2014-2024,2,2,0,157,149,78.5,172,91.27,1,0,0,29,1,
,,,,,,,,,,,,,,,,,
harmanpreet_kaur,test,vs AUS Women,2023-2026,2,3,0,30,19,10,36,83.33,0,0,1,6,0,
harmanpreet_kaur,test,vs ENG Women,2014-2023,3,6,1,114,49,22.8,217,52.53,0,0,1,15,0,
harmanpreet_kaur,test,vs SA Women,2014-2024,2,2,0,86,69,43,150,57.33,0,1,0,6,0,
,,,,,,,,,,,,,,,,,
jemimah_rodrigues,test,vs AUS Women,2023-2026,2,4,1,151,73,50.33,235,64.25,0,2,0,21,0,
jemimah_rodrigues,test,vs ENG Women,2023-2023,1,2,0,95,68,47.5,128,74.21,0,1,0,16,0,
jemimah_rodrigues,test,vs SA Women,2024-2024,1,1,0,55,55,55,94,58.51,0,1,0,8,0,
,,,,,,,,,,,,,,,,,
deepti_sharma,test,vs AUS Women,2021-2026,3,5,1,163,78,40.75,407,40.04,0,2,0,19,0,
deepti_sharma,test,vs ENG Women,2021-2023,2,4,1,170,67,56.66,372,45.69,0,2,0,25,1,
deepti_sharma,test,vs SA Women,2024-2024,1,1,1,2,2*,-,7,28.57,0,0,0,0,0,
,,,,,,,,,,,,,,,,,
shafali_verma,test,vs AUS Women,2021-2026,3,6,0,167,52,27.83,271,61.62,0,1,0,26,0,
shafali_verma,test,vs ENG Women,2021-2023,2,4,0,211,96,52.75,318,66.35,0,2,0,30,5,
shafali_verma,test,vs SA Women,2024-2024,1,2,1,229,205,229,227,100.88,1,0,0,26,9,
,,,,,,,,,,,,,,,,,
richa_ghosh,test,vs AUS Women,2023-2026,2,4,0,76,52,19,179,42.45,0,1,1,11,0,
richa_ghosh,test,vs SA Women,2024-2024,1,1,0,86,86,86,90,95.55,0,1,0,16,0,
,,,,,,,,,,,,,,,,,
yastika_bhatia,test,vs AUS Women,2021-2023,2,3,0,23,19,7.66,59,38.98,0,0,0,3,0,
yastika_bhatia,test,vs ENG Women,2023-2023,1,2,0,75,66,37.5,102,73.52,0,1,0,11,1,
,,,,,,,,,,,,,,,,,
pooja_vastrakar,test,vs AUS Women,2021-2023,2,2,0,60,47,30,174,34.48,0,0,0,9,0,
pooja_vastrakar,test,vs ENG Women,2021-2023,2,4,2,51,17*,25.5,140,36.42,0,0,0,11,0,
pooja_vastrakar,test,vs SA Women,2024-2024,1,-,-,-,-,-,-,-,-,-,-,-,-,-
,,,,,,,,,,,,,,,,,
sneh_rana,test,vs AUS Women,2023-2026,2,3,0,44,30,14.66,119,36.97,0,0,0,5,0,
sneh_rana,test,vs ENG Women,2021-2023,2,4,1,112,80*,37.33,244,45.9,0,1,1,18,0,
sneh_rana,test,vs SA Women,2024-2024,1,-,-,-,-,-,-,-,-,-,-,-,-,-
,,,,,,,,,,,,,,,,,
rajeswari_gaikwad,test,vs AUS Women,2021-2023,2,1,1,0,0*,-,1,0,0,0,0,0,0,
rajeswari_gaikwad,test,vs ENG Women,2023-2023,1,1,0,0,0,0,5,0,0,0,1,0,0,
rajeswari_gaikwad,test,vs SA Women,2014-2024,2,-,-,-,-,-,-,-,-,-,-,-,-,-
,,,,,,,,,,,,,,,,,
pratika_rawal,test,vs AUS Women,-,1,2,0,81,63,40.5,180,45,0,1,0,11,0,
,,,,,,,,,,,,,,,,,
kashvee_gautam,test,vs AUS Women,-,1,2,1,34,34*,34,58,58.62,0,0,1,3,0,
,,,,,,,,,,,,,,,,,
kranti_gaud,test,vs AUS Women,-,1,2,1,1,1,1,6,16.66,0,0,0,0,0,
,,,,,,,,,,,,,,,,,
sayali_satghare,test,vs AUS Women,-,1,2,0,10,7,5,56,17.85,0,0,0,1,0,
,,,,,,,,,,,,,,,,,
renuka_singh,test,vs AUS Women,2023-2023,1,1,0,8,8,8,9,88.88,0,0,0,2,0,
renuka_singh,test,vs ENG Women,2023-2023,1,1,0,1,1,1,7,14.28,0,0,0,0,0,
renuka_singh,test,vs SA Women,2024-2024,1,-,-,-,-,-,-,-,-,-,-,-,-,-
,,,,,,,,,,,,,,,,,
playerId,format,vs Team,Span,Mat,Inns,NO,Runs,HS,Avg,BF,SR,100s,50s,0s,4s,6s,
harmanpreet_kaur,odi,vs AUS Women,2009-2026,29,28,3,970,171*,38.8,1108,87.54,1,7,0,105,16,
harmanpreet_kaur,odi,vs BAN Women,2013-2025,9,7,1,280,103,46.66,409,68.45,1,2,0,22,3,
harmanpreet_kaur,odi,vs ENG Women,2009-2025,28,26,4,1025,143*,46.59,1354,75.7,3,6,0,99,13,
harmanpreet_kaur,odi,vs IRE Women,2012-2017,4,1,1,20,20*,,18,111.11,0,0,0,2,0,
harmanpreet_kaur,odi,vs NZ Women,2009-2025,20,17,2,492,71,32.8,663,74.2,0,4,0,46,6,
harmanpreet_kaur,odi,vs PAK Women,2009-2025,6,5,0,74,24,14.8,136,54.41,0,0,0,6,1,
harmanpreet_kaur,odi,vs SA Women,2014-2025,28,25,8,831,103*,48.88,1044,79.59,1,2,1,83,9,
harmanpreet_kaur,odi,vs SL Women,2009-2025,20,15,1,392,75,28,540,72.59,0,2,1,37,4,
harmanpreet_kaur,odi,vs WI Women,2011-2024,20,19,1,457,109,25.38,636,71.85,1,1,2,48,5,
,,,,,,,,,,,,,,,,,
playerId,format,vs Team,Span,Mat,Inns,NO,Runs,HS,Avg,BF,SR,100s,50s,0s,4s,6s,
smriti_mandhana,odi,vs AUS Women,2016-2026,24,24,0,1109,125,46.2,1055,105.11,4,7,1,144,18,
smriti_mandhana,odi,vs BAN Women,2013-2025,7,7,1,218,59,36.33,298,73.15,0,1,0,27,0,
smriti_mandhana,odi,vs ENG Women,2014-2025,21,21,1,1030,91,51.5,1261,81.68,0,9,1,112,11,
smriti_mandhana,odi,vs IRE Women,2025-2025,3,3,0,249,135,83,163,152.76,1,1,0,28,10,
smriti_mandhana,odi,vs NZ Women,2015-2025,16,16,1,625,109,41.66,757,82.56,3,3,1,72,8,
smriti_mandhana,odi,vs PAK Women,2017-2025,3,3,0,77,52,25.66,116,66.37,0,1,0,7,1,
smriti_mandhana,odi,vs SA Women,2014-2025,20,20,1,974,136,51.26,1082,90.01,3,5,1,116,10,
smriti_mandhana,odi,vs SL Women,2014-2025,17,17,2,622,116,41.46,724,85.91,1,5,0,83,6,
smriti_mandhana,odi,vs WI Women,2016-2024,9,9,1,507,123,63.37,532,95.3,2,3,0,64,10,
,,,,,,,,,,,,,,,,,
jemimah_rodrigues,odi,vs AUS Women,2018-2026,14,14,1,515,127*,39.61,538,95.72,1,1,0,56,1,
jemimah_rodrigues,odi,vs BAN Women,2023-2025,4,3,1,129,86,64.5,149,86.57,0,1,0,9,0,
jemimah_rodrigues,odi,vs ENG Women,2018-2025,9,9,0,163,50,18.11,216,75.46,0,1,2,22,0,
jemimah_rodrigues,odi,vs IRE Women,2025-2025,3,3,1,115,102,57.5,103,111.65,1,0,0,14,0,
jemimah_rodrigues,odi,vs NZ Women,2019-2025,7,7,2,243,81*,48.6,259,93.82,0,2,1,29,0,
jemimah_rodrigues,odi,vs PAK Women,2025-2025,1,1,0,32,32,32,37,86.48,0,0,0,5,0,
jemimah_rodrigues,odi,vs SA Women,2019-2025,13,12,1,310,123,28.18,358,86.59,1,1,2,34,1,
jemimah_rodrigues,odi,vs SL Women,2018-2025,5,4,0,81,44,20.25,78,103.84,0,0,2,7,0,
jemimah_rodrigues,odi,vs WI Women,2019-2024,6,6,0,222,69,37,266,83.45,0,2,1,22,3,
,,,,,,,,,,,,,,,,,
playerId,format,vs Team,Span,Mat,Inns,NO,Runs,HS,Avg,BF,SR,100s,50s,0s,4s,6s,
deepti_sharma,odi,vs AUS Women,2017-2026,22,22,4,443,72,24.61,570,77.71,0,1,1,36,3,
deepti_sharma,odi,vs BAN Women,2017-2025,5,4,0,22,20,5.5,64,34.37,0,0,1,0,0,
deepti_sharma,odi,vs ENG Women,2017-2025,19,16,8,436,68*,54.5,631,69.09,0,4,1,40,2,
deepti_sharma,odi,vs IRE Women,2017-2025,6,4,2,339,188,169.5,343,98.83,1,2,0,45,4,
deepti_sharma,odi,vs NZ Women,2015-2025,17,14,4,303,69*,30.3,469,64.6,0,2,1,26,2,
deepti_sharma,odi,vs PAK Women,2017-2025,4,4,1,122,40,40.66,226,53.98,0,0,0,8,0,
deepti_sharma,odi,vs SA Women,2014-2025,25,20,3,588,93,34.58,815,72.14,0,6,1,58,5,
deepti_sharma,odi,vs SL Women,2016-2025,15,11,3,341,78,42.62,506,67.39,0,3,0,31,2,
deepti_sharma,odi,vs WI Women,2016-2024,11,11,4,177,39*,25.28,310,57.09,0,0,0,19,1,
,,,,,,,,,,,,,,,,,
playerId,format,vs Team,Span,Mat,Inns,NO,Runs,HS,Avg,BF,SR,100s,50s,0s,4s,6s,
sree_charani,odi,vs AUS Women,,6,5,2,15,11,5,25,60,0,0,1,0,1,
sree_charani,odi,vs BAN Women,,1,,,,,,,,,,,,,
sree_charani,odi,vs ENG Women,,4,,,,,,,,,,,,,
sree_charani,odi,vs NZ Women,,1,,,,,,,,,,,,,
sree_charani,odi,vs PAK Women,,1,1,0,1,1,1,5,20,0,0,0,0,0,
sree_charani,odi,vs SA Women,,4,2,0,6,6,3,4,150,0,0,1,0,1,
sree_charani,odi,vs SL Women,,4,,,,,,,,,,,,,
,,,,,,,,,,,,,,,,,
playerId,format,vs Team,Span,Mat,Inns,NO,Runs,HS,Avg,BF,SR,100s,50s,0s,4s,6s,
tanuja_kanwar,odi,vs IRE Women,,1,,,,,,,,,,,,,
tanuja_kanwar,odi,vs WI Women,,1,,,,,,,,,,,,,
,,,,,,,,,,,,,,,,,
playerId,format,vs Team,Span,Mat,Inns,NO,Runs,HS,Avg,BF,SR,100s,50s,0s,4s,6s,
titas_sadhu,odi,vs AUS Women,,2,2,0,5,3,2.5,19,26.31,0,0,0,0,0,
titas_sadhu,odi,vs IRE Women,,3,,,,,,,,,,,,,
titas_sadhu,odi,vs WI Women,,3,1,0,4,4,4,5,80,0,0,0,0,0,
,,,,,,,,,,,,,,,,,
playerId,format,vs Team,Span,Mat,Inns,NO,Runs,HS,Avg,BF,SR,100s,50s,0s,4s,6s,
uma_chetry,odi,vs BAN Women,,1,,,,,,,,,,,,,
,,,,,,,,,,,,,,,,,
playerId,format,vs Team,Span,Mat,Inns,NO,Runs,HS,Avg,BF,SR,100s,50s,0s,4s,6s,
vaishnavi_sharma,odi,vs AUS Women,,1,1,1,10,10*,,5,200,0,0,0,2,0,
,,,,,,,,,,,,,,,,,
playerId,format,vs Team,Span,Mat,Inns,NO,Runs,HS,Avg,BF,SR,100s,50s,0s,4s,6s,
arundhati_reddy,odi,vs AUS Women,2024-2025,3,3,0,19,10,6.33,30,63.33,0,0,0,0,0,
arundhati_reddy,odi,vs ENG Women,2025-2025,1,1,0,14,14,14,18,77.77,0,0,0,2,0,
arundhati_reddy,odi,vs NZ Women,2024-2024,2,2,0,16,14,8,32,50,0,0,0,0,0,
arundhati_reddy,odi,vs SA Women,2024-2025,3,,,,,,,,,,,,,
arundhati_reddy,odi,vs SL Women,2025-2025,2,1,1,9,9*,,11,81.81,0,0,0,0,0,
,,,,,,,,,,,,,,,,,
playerId,format,vs Team,Span,Mat,Inns,NO,Runs,HS,Avg,BF,SR,100s,50s,0s,4s,6s,
dayalan_hemalatha,odi,vs ENG Women,2022-2022,2,1,0,2,2,2,17,11.76,0,0,0,0,0,
dayalan_hemalatha,odi,vs NZ Women,2019-2024,4,2,0,16,13,8,41,39.02,0,0,0,1,0,
dayalan_hemalatha,odi,vs SA Women,2021-2024,3,3,0,38,24,12.66,72,52.77,0,0,0,2,2,
dayalan_hemalatha,odi,vs SL Women,2018-2018,3,2,0,41,35,20.5,37,110.81,0,0,0,4,1,
,,,,,,,,,,,,,,,,,
playerId,format,vs Team,Span,Mat,Inns,NO,Runs,HS,Avg,BF,SR,100s,50s,0s,4s,6s,
harleen_deol,odi,vs AUS Women,2023-2026,9,9,0,198,54,22,287,68.98,0,1,0,19,3,
harleen_deol,odi,vs BAN Women,2023-2025,3,2,0,102,77,51,144,70.83,0,1,0,9,0,
harleen_deol,odi,vs ENG Women,2019-2025,8,8,1,181,58,25.85,269,67.28,0,1,0,19,2,
harleen_deol,odi,vs IRE Women,2025-2025,3,3,0,124,89,41.33,126,98.41,0,1,0,17,0,
harleen_deol,odi,vs NZ Women,2025-2025,1,,,,,,,,,,,,,
harleen_deol,odi,vs PAK Women,2025-2025,1,1,0,46,46,46,65,70.76,0,0,0,4,1,
harleen_deol,odi,vs SA Women,2025-2025,3,3,0,46,29,15.33,75,61.33,0,0,0,6,0,
harleen_deol,odi,vs SL Women,2022-2025,7,6,1,207,48*,41.4,269,76.95,0,0,0,20,0,
harleen_deol,odi,vs WI Women,2024-2024,3,3,0,160,115,53.33,156,102.56,1,0,0,18,1,
,,,,,,,,,,,,,,,,,
playerId,format,vs Team,Span,Mat,Inns,NO,Runs,HS,Avg,BF,SR,100s,50s,0s,4s,6s,
minnu_mani,odi,vs AUS Women,,2,2,1,54,46*,54,56,96.42,0,0,0,5,0,
minnu_mani,odi,vs IRE Women,,1,,,,,,,,,,,,,
,,,,,,,,,,,,,,,,,
playerId,format,vs Team,Span,Mat,Inns,NO,Runs,HS,Avg,BF,SR,100s,50s,0s,4s,6s,
priya_mishra,odi,vs AUS Women,,2,2,0,5,5,2.5,20,25,0,0,1,0,0,
priya_mishra,odi,vs IRE Women,,2,,,,,,,,,,,,,
priya_mishra,odi,vs NZ Women,,2,1,1,0,0*,,7,0,0,0,0,0,0,
priya_mishra,odi,vs WI Women,,3,1,1,1,1*,,3,33.33,0,0,0,0,0,
,,,,,,,,,,,,,,,,,
playerId,format,vs Team,Span,Mat,Inns,NO,Runs,HS,Avg,BF,SR,100s,50s,0s,4s,6s,
priya_punia,odi,vs AUS Women,2024-2024,2,1,0,3,3,3,17,17.64,0,0,0,0,0,
priya_punia,odi,vs BAN Women,2023-2023,2,2,0,17,10,8.5,40,42.5,0,0,0,2,0,
priya_punia,odi,vs SA Women,2019-2024,6,6,1,173,75*,34.6,286,60.48,0,1,1,23,1,
priya_punia,odi,vs WI Women,2019-2019,2,2,0,80,75,40,135,59.25,0,1,0,6,0,
,,,,,,,,,,,,,,,,,
playerId,format,vs Team,Span,Mat,Inns,NO,Runs,HS,Avg,BF,SR,100s,50s,0s,4s,6s,
amanjot_kaur,odi,vs AUS Women,2023-2026,6,6,1,71,20,14.2,87,81.6,0,0,0,7,0,
amanjot_kaur,odi,vs BAN Women,2023-2025,4,4,2,43,15*,21.5,84,51.19,0,0,0,3,0,
amanjot_kaur,odi,vs ENG Women,2025-2025,2,2,2,38,20*,,29,131.03,0,0,0,5,0,
amanjot_kaur,odi,vs SA Women,2025-2025,3,3,0,30,13,10,65,46.15,0,0,0,2,0,
amanjot_kaur,odi,vs SL Women,2025-2025,2,2,0,75,57,37.5,68,110.29,0,1,0,7,1,
,,,,,,,,,,,,,,,,,
playerId,format,vs Team,Span,Mat,Inns,NO,Runs,HS,Avg,BF,SR,100s,50s,0s,4s,6s,
radha_yadav,odi,vs AUS Women,2025-2025,4,3,0,43,19,14.33,41,104.87,0,0,0,5,0,
radha_yadav,odi,vs BAN Women,2025-2025,1,,,,,,,,,,,,,
radha_yadav,odi,vs ENG Women,2025-2025,1,1,1,2,2*,,2,100,0,0,0,0,0,
radha_yadav,odi,vs NZ Women,2024-2024,3,2,0,51,48,25.5,68,75,0,0,0,5,0,
radha_yadav,odi,vs SA Women,2021-2025,5,2,1,9,6,9,10,90,0,0,0,0,0,
,,,,,,,,,,,,,,,,,
playerId,format,vs Team,Span,Mat,Inns,NO,Runs,HS,Avg,BF,SR,100s,50s,0s,4s,6s,
saika_ishaque,odi,vs AUS Women,,1,,,,,,,,,,,,,
,,,,,,,,,,,,,,,,,
playerId,format,vs Team,Span,Mat,Inns,NO,Runs,HS,Avg,BF,SR,100s,50s,0s,4s,6s,
saima_thakor,odi,vs AUS Women,,3,3,0,11,7,3.66,35,31.42,0,0,1,1,0,
saima_thakor,odi,vs IRE Women,,2,,,,,,,,,,,,,
saima_thakor,odi,vs NZ Women,,3,2,0,31,29,15.5,60,51.66,0,0,0,3,0,
saima_thakor,odi,vs WI Women,,2,1,0,4,4,4,2,200,0,0,0,1,0,
,,,,,,,,,,,,,,,,,
playerId,format,vs Team,Span,Mat,Inns,NO,Runs,HS,Avg,BF,SR,100s,50s,0s,4s,6s,
shafali_verma,odi,vs AUS Women,2021-2026,7,7,0,113,56,16.14,167,67.66,0,1,0,16,1,
shafali_verma,odi,vs BAN Women,2022-2023,2,2,0,46,42,23,45,102.22,0,0,0,7,1,
shafali_verma,odi,vs ENG Women,2021-2022,6,6,0,87,44,14.5,116,75,0,0,1,15,0,
shafali_verma,odi,vs NZ Women,2022-2024,8,8,0,152,51,19,166,91.56,0,1,1,20,2,
shafali_verma,odi,vs PAK Women,2022-2022,1,1,0,0,0,0,6,0,0,0,1,0,0,
shafali_verma,odi,vs SA Women,2022-2025,5,5,0,192,87,38.4,213,90.14,0,2,0,23,2,
shafali_verma,odi,vs SL Women,2022-2022,3,3,1,155,71*,77.5,161,96.27,0,1,0,10,3,
,,,,,,,,,,,,,,,,,
playerId,format,vs Team,Span,Mat,Inns,NO,Runs,HS,Avg,BF,SR,100s,50s,0s,4s,6s,
richa_ghosh,odi,vs AUS Women,2021-2026,18,18,1,471,96,27.7,552,85.32,0,2,1,51,9,
richa_ghosh,odi,vs BAN Women,2022-2022,1,1,0,26,26,26,36,72.22,0,0,0,3,0,
richa_ghosh,odi,vs ENG Women,2022-2025,5,5,1,91,38*,22.75,103,88.34,0,0,0,9,2,
richa_ghosh,odi,vs IRE Women,2025-2025,3,3,1,77,59,38.5,49,157.14,0,1,0,14,1,
richa_ghosh,odi,vs NZ Women,2022-2025,6,6,2,150,65,37.5,130,115.38,0,2,1,12,6,
richa_ghosh,odi,vs PAK Women,2022-2025,2,2,1,36,35*,36,25,144,0,0,0,3,2,
richa_ghosh,odi,vs SA Women,2022-2025,8,8,2,214,94,35.66,161,132.91,0,1,0,22,10,
richa_ghosh,odi,vs SL Women,2022-2025,7,5,0,76,58,15.2,83,91.56,0,1,0,5,4,
richa_ghosh,odi,vs WI Women,2022-2024,4,4,2,67,26,33.5,40,167.5,0,0,0,7,4,
,,,,,,,,,,,,,,,,,
playerId,format,vs Team,Span,Mat,Inns,NO,Runs,HS,Avg,BF,SR,100s,50s,0s,4s,6s,
yastika_bhatia,odi,vs AUS Women,2021-2024,7,7,0,230,64,32.85,321,71.65,0,2,0,27,0,
yastika_bhatia,odi,vs BAN Women,2022-2023,4,4,0,85,50,21.25,134,63.43,0,1,0,7,0,
yastika_bhatia,odi,vs ENG Women,2022-2022,4,4,0,84,50,21,94,89.36,0,1,1,13,1,
yastika_bhatia,odi,vs NZ Women,2022-2024,8,8,0,203,41,25.37,293,69.28,0,0,1,20,1,
yastika_bhatia,odi,vs SA Women,2022-2022,1,1,0,2,2,2,3,66.66,0,0,0,0,0,
yastika_bhatia,odi,vs SL Women,2022-2022,3,2,0,31,30,15.5,46,67.39,0,0,0,5,0,
yastika_bhatia,odi,vs WI Women,2022-2022,1,1,0,31,31,31,21,147.61,0,0,0,6,0,
,,,,,,,,,,,,,,,,,
playerId,format,vs Team,Span,Mat,Inns,NO,Runs,HS,Avg,BF,SR,100s,50s,0s,4s,6s,
pooja_vastrakar,odi,vs AUS Women,2018-2024,10,10,1,254,62*,28.22,282,90.07,0,2,0,22,6,
pooja_vastrakar,odi,vs BAN Women,2022-2023,2,2,1,37,30*,37,44,84.09,0,0,0,2,0,
pooja_vastrakar,odi,vs ENG Women,2018-2022,7,5,0,61,22,12.2,85,71.76,0,0,1,9,0,
pooja_vastrakar,odi,vs NZ Women,2022-2022,4,4,0,44,23,11,61,72.13,0,0,0,5,0,
pooja_vastrakar,odi,vs PAK Women,2022-2022,1,1,0,67,67,67,59,113.55,0,1,0,8,0,
pooja_vastrakar,odi,vs SA Women,2018-2024,5,3,1,35,31*,17.5,52,67.3,0,0,0,3,0,
pooja_vastrakar,odi,vs SL Women,2022-2022,3,2,2,77,56*,,84,91.66,0,1,0,0,5,
pooja_vastrakar,odi,vs WI Women,2022-2022,1,1,0,10,10,10,5,200,0,0,0,2,0,
,,,,,,,,,,,,,,,,,
playerId,format,vs Team,Span,Mat,Inns,NO,Runs,HS,Avg,BF,SR,100s,50s,0s,4s,6s,
sneh_rana,odi,vs AUS Women,2016-2026,12,9,1,156,44,19.5,203,76.84,0,0,1,20,0,
sneh_rana,odi,vs BAN Women,2022-2023,4,4,0,28,27,7,26,107.69,0,0,2,2,0,
sneh_rana,odi,vs ENG Women,2021-2025,8,5,1,45,24,11.25,44,102.27,0,0,1,6,0,
sneh_rana,odi,vs NZ Women,2015-2025,7,5,0,47,18,9.4,77,61.03,0,0,0,5,0,
sneh_rana,odi,vs PAK Women,2022-2025,2,2,1,73,53*,73,81,90.12,0,1,0,6,0,
sneh_rana,odi,vs SA Women,2022-2025,4,3,2,35,33,35,29,120.68,0,0,0,6,0,
sneh_rana,odi,vs SL Women,2014-2025,7,2,1,38,28*,38,24,158.33,0,0,0,3,2,
sneh_rana,odi,vs WI Women,2022-2022,1,1,1,2,2*,,2,100,0,0,0,0,0,
,,,,,,,,,,,,,,,,,
playerId,format,vs Team,Span,Mat,Inns,NO,Runs,HS,Avg,BF,SR,100s,50s,0s,4s,6s,
rajeshwari_gaikwad,odi,vs AUS Women,2016-2022,8,2,2,0,0*,,3,0,0,0,0,0,0,
rajeshwari_gaikwad,odi,vs BAN Women,2017-2022,2,,,,,,,,,,,,,
rajeshwari_gaikwad,odi,vs ENG Women,2014-2022,9,4,1,6,5,2,28,21.42,0,0,2,0,0,
rajeshwari_gaikwad,odi,vs IRE Women,2017-2017,1,,,,,,,,,,,,,
rajeshwari_gaikwad,odi,vs NZ Women,2015-2022,11,6,2,10,4,2.5,40,25,0,0,2,1,0,
rajeshwari_gaikwad,odi,vs PAK Women,2022-2022,1,,,,,,,,,,,,,
rajeshwari_gaikwad,odi,vs SA Women,2014-2022,14,6,4,2,2*,1,16,12.5,0,0,2,0,0,
rajeshwari_gaikwad,odi,vs SL Women,2014-2022,12,2,2,3,3*,,2,150,0,0,0,0,0,
rajeshwari_gaikwad,odi,vs WI Women,2016-2022,6,,,,,,,,,,,,,
,,,,,,,,,,,,,,,,,
playerId,format,discipline,vs Team,Span,Mat,Inns,Overs,Mdns,Runs,Wkts,BBI,Avg,Econ,SR,4w,5w,
meghna_singh,odi,bowling,vs AUS Women,2021-2022,4,4,31,2,170,2,Jan-38,85,5.48,93,0,0,
meghna_singh,odi,bowling,vs BAN Women,2023-2023,2,2,13,2,55,1,Jan-27,55,4.23,78,0,0,
meghna_singh,odi,bowling,vs ENG Women,2022-2022,2,2,15.2,3,68,4,Mar-26,17,4.43,23,0,0,
meghna_singh,odi,bowling,vs NZ Women,2022-2022,3,3,17,0,116,2,Jan-22,58,6.82,51,0,0,
meghna_singh,odi,bowling,vs PAK Women,2022-2022,1,1,7,3,21,1,Jan-21,21,3,42,0,0,
meghna_singh,odi,bowling,vs SA Women,2022-2022,1,1,6,0,37,0,,,,6.16,,0,0
meghna_singh,odi,bowling,vs SL Women,2022-2022,3,3,25,0,98,4,Feb-32,24.5,3.92,37.5,0,0,
meghna_singh,odi,bowling,vs WI Women,2022-2022,1,1,6,0,27,2,Feb-27,13.5,4.5,18,0,0,
,,,,,,,,,,,,,,,,,
playerId,format,vs Team,Span,Mat,Inns,NO,Runs,HS,Avg,BF,SR,100s,50s,0s,4s,6s,
pratika_rawal,odi,vs AUS Women,2025-2026,7,7,0,253,75,36.14,340,74.41,0,3,1,34,1,
pratika_rawal,odi,vs BAN Women,2025-2025,1,,,,,,,,,,,,,
pratika_rawal,odi,vs ENG Women,2025-2025,4,4,0,71,36,17.75,108,65.74,0,0,0,6,0,
pratika_rawal,odi,vs IRE Women,2025-2025,3,3,0,310,154,103.33,286,108.39,1,2,0,38,3,
pratika_rawal,odi,vs NZ Women,2025-2025,1,1,0,122,122,122,134,91.04,1,0,0,13,2,
pratika_rawal,odi,vs PAK Women,2025-2025,1,1,0,31,31,31,37,83.78,0,0,0,5,0,
pratika_rawal,odi,vs SA Women,2025-2025,3,3,0,116,78,38.66,152,76.31,0,1,0,12,1,
pratika_rawal,odi,vs SL Women,2025-2025,4,4,1,152,50*,50.66,209,72.72,0,1,0,15,2,
pratika_rawal,odi,vs WI Women,2024-2024,3,3,0,134,76,44.66,178,75.28,0,1,0,18,1,
,,,,,,,,,,,,,,,,,
playerId,format,vs Team,Span,Mat,Inns,NO,Runs,HS,Avg,BF,SR,100s,50s,0s,4s,6s,
kranti_gaud,odi,vs AUS Women,,7,5,1,32,19,8,47,68.08,0,0,0,3,0,
kranti_gaud,odi,vs ENG Women,,4,1,1,4,4*,,9,44.44,0,0,0,0,0,
kranti_gaud,odi,vs NZ Women,,1,,,,,,,,,,,,,
kranti_gaud,odi,vs PAK Women,,1,1,0,8,8,8,4,200,0,0,0,2,0,
kranti_gaud,odi,vs SA Women,,2,1,1,0,0*,,1,0,0,0,0,0,0,
kranti_gaud,odi,vs SL Women,,2,1,1,0,0*,,1,0,0,0,0,0,0,
,,,,,,,,,,,,,,,,,
playerId,format,vs Team,Span,Mat,Inns,NO,Runs,HS,Avg,BF,SR,100s,50s,0s,4s,6s,
sayali_satghare,odi,vs IRE Women,,3,1,1,2,2*,,3,66.66,0,0,0,0,0,
,,,,,,,,,,,,,,,,,
playerId,format,vs Team,Span,Mat,Inns,NO,Runs,HS,Avg,BF,SR,100s,50s,0s,4s,6s,
renuka_singh,odi,vs AUS Women,2023-2026,11,9,6,19,8*,6.33,40,47.5,0,0,1,2,0,
renuka_singh,odi,vs BAN Women,2025-2025,1,,,,,,,,,,,,,
renuka_singh,odi,vs ENG Women,2022-2025,3,1,0,0,0,0,3,0,0,0,1,0,0,
renuka_singh,odi,vs NZ Women,2022-2025,5,3,1,0,0*,0,7,0,0,0,2,0,0,
renuka_singh,odi,vs PAK Women,2025-2025,1,1,0,0,0,0,1,0,0,0,1,0,0,
renuka_singh,odi,vs SA Women,2024-2025,2,,,,,,,,,,,,,
renuka_singh,odi,vs SL Women,2022-2022,3,1,0,2,2,2,3,66.66,0,0,0,0,0,
renuka_singh,odi,vs WI Women,2024-2024,3,1,0,0,0,0,2,0,0,0,1,0,0,
,,,,,,,,,,,,,,,,,
playerId,format,vs Team,Span,Mat,Inns,NO,Runs,HS,Avg,BF,SR,100s,50s,0s,4s,6s,
shreyanka_patil,odi,vs AUS Women,2023-2024,2,2,1,7,5*,7,12,58.33,0,0,0,1,0,
shreyanka_patil,odi,vs SA Women,2024-2024,1,,,,,,,,,,,,,
,,,,,,,,,,,,,,,,,
playerId,format,vs Team,Span,Mat,Inns,NO,Runs,HS,Avg,100s,50s,0s,,,,,
harmanpreet_kaur,t20,vs AUS Women,2010-2026,37,34,4,881,65,29.36,0,5,0,,,,,
harmanpreet_kaur,t20,vs BAN Women,2013-2024,21,18,4,483,77,34.5,0,3,1,,,,,
harmanpreet_kaur,t20,vs Barbados Women,2022-2022,1,1,0,0,0,0,0,0,1,,,,,
harmanpreet_kaur,t20,vs ENG Women,2009-2025,30,30,5,537,42*,21.48,0,0,1,,,,,
harmanpreet_kaur,t20,vs IRE Women,2018-2023,2,2,0,20,13,10,0,0,0,,,,,
harmanpreet_kaur,t20,vs MAS Women,2018-2022,2,1,0,32,32,32,0,0,0,,,,,
harmanpreet_kaur,t20,vs NZ Women,2009-2024,14,14,0,225,103,16.07,1,0,1,,,,,
harmanpreet_kaur,t20,vs PAK Women,2009-2024,15,12,6,194,34*,32.33,0,0,0,,,,,
harmanpreet_kaur,t20,vs SA Women,2014-2024,15,11,3,241,48,30.12,0,0,1,,,,,
harmanpreet_kaur,t20,vs SL Women,2009-2025,29,24,8,564,68,35.25,0,3,1,,,,,
harmanpreet_kaur,t20,vs THA Women,2018-2022,2,2,1,63,36,63,0,0,0,,,,,
harmanpreet_kaur,t20,vs UAE Women,2024-2024,1,1,0,66,66,66,0,1,0,,,,,
harmanpreet_kaur,t20,vs WI Women,2011-2024,21,19,8,516,68*,46.9,0,3,0,,,,,
,,,,,,,,,,,,,,,,,
playerId,format,vs Team,Span,Mat,Inns,NO,Runs,HS,Avg,BF,SR,100s,50s,0s,4s,6s,
smriti_mandhana,t20,vs AUS Women,2016-2026,29,29,2,866,83,32.07,694,124.78,0,8,0,112,19,
smriti_mandhana,t20,vs BAN Women,2013-2024,17,17,2,372,55*,24.8,333,111.71,0,1,1,49,3,
smriti_mandhana,t20,vs Barbados Women,2022-2022,1,1,0,5,5,5,7,71.42,0,0,0,1,0,
smriti_mandhana,t20,vs ENG Women,2014-2025,26,26,2,945,112,39.37,689,137.15,1,8,0,136,20,
smriti_mandhana,t20,vs IRE Women,2018-2023,2,2,0,120,87,60,85,141.17,0,1,0,13,4,
smriti_mandhana,t20,vs MAS Women,2018-2023,2,2,0,29,27,14.5,20,145,0,0,0,5,0,
smriti_mandhana,t20,vs Nepal Women,2024-2024,1,,,,,,,,,,,,,
smriti_mandhana,t20,vs NZ Women,2015-2024,8,8,0,209,86,26.12,159,131.44,0,2,1,26,5,
smriti_mandhana,t20,vs PAK Women,2014-2024,10,10,1,239,63*,26.55,232,103.01,0,1,0,33,3,
smriti_mandhana,t20,vs SA Women,2014-2024,19,17,3,406,57,29,334,121.55,0,3,1,56,10,
smriti_mandhana,t20,vs SL Women,2014-2025,25,24,2,549,80,24.95,470,116.8,0,4,2,71,9,
smriti_mandhana,t20,vs THA Women,2018-2022,3,2,0,42,29,21,36,116.66,0,0,0,4,2,
smriti_mandhana,t20,vs UAE Women,2022-2024,2,1,0,13,13,13,9,144.44,0,0,0,1,1,
smriti_mandhana,t20,vs WI Women,2014-2024,15,15,3,436,77,36.33,330,132.12,0,5,0,63,7,
,,,,,,,,,,,,,,,,,
playerId,format,vs Team,Span,Mat,Inns,NO,Runs,HS,Avg,BF,SR,100s,50s,0s,4s,6s,
jemimah_rodrigues,t20,vs AUS Women,2018-2026,25,25,3,419,59,19.04,393,106.61,0,2,2,49,0,
jemimah_rodrigues,t20,vs BAN Women,2020-2024,7,6,2,136,35*,34,137,99.27,0,0,0,15,1,
jemimah_rodrigues,t20,vs Barbados Women,2022-2022,1,1,1,56,56*,,46,121.73,0,1,0,6,1,
jemimah_rodrigues,t20,vs ENG Women,2018-2025,18,17,2,325,63,21.66,311,104.5,0,1,1,37,1,
jemimah_rodrigues,t20,vs IRE Women,2018-2023,2,2,0,37,19,18.5,23,160.86,0,0,0,6,0,
jemimah_rodrigues,t20,vs MAS Women,2022-2023,2,1,1,47,47*,,29,162.06,0,0,0,6,0,
jemimah_rodrigues,t20,vs Nepal Women,2024-2024,1,1,1,28,28*,,15,186.66,0,0,0,5,0,
jemimah_rodrigues,t20,vs NZ Women,2018-2024,6,6,0,214,72,35.66,168,127.38,0,2,0,24,1,
jemimah_rodrigues,t20,vs PAK Women,2018-2024,6,6,3,102,53*,34,101,100.99,0,1,0,9,0,
jemimah_rodrigues,t20,vs SA Women,2018-2024,18,13,2,260,53*,23.63,227,114.53,0,1,2,31,4,
jemimah_rodrigues,t20,vs SL Women,2018-2025,17,16,4,547,76,45.58,398,137.43,0,4,0,63,12,
jemimah_rodrigues,t20,vs THA Women,2022-2022,2,1,0,27,27,27,26,103.84,0,0,0,3,0,
jemimah_rodrigues,t20,vs UAE Women,2022-2024,2,2,1,89,75*,89,58,153.44,0,1,0,11,0,
jemimah_rodrigues,t20,vs WI Women,2019-2024,11,8,2,264,73,44,236,111.86,0,2,0,27,2,
,,,,,,,,,,,,,,,,,
playerId,format,vs Team,Span,Mat,Inns,NO,Runs,HS,Avg,BF,SR,100s,50s,0s,4s,6s,
deepti_sharma,t20,vs AUS Women,2016-2026,26,23,8,387,53,25.8,334,115.86,0,1,2,45,1,
deepti_sharma,t20,vs BAN Women,2018-2024,14,7,1,76,32,12.66,89,85.39,0,0,0,6,1,
deepti_sharma,t20,vs Barbados Women,2022-2022,1,1,1,34,34*,,28,121.42,0,0,0,2,1,
deepti_sharma,t20,vs ENG Women,2018-2025,24,18,9,220,29*,24.44,225,97.77,0,0,1,13,0,
deepti_sharma,t20,vs IRE Women,2018-2023,2,2,1,11,11*,11,8,137.5,0,0,1,1,0,
deepti_sharma,t20,vs MAS Women,2018-2023,3,1,1,18,18*,,12,150,0,0,0,2,0,
deepti_sharma,t20,vs Nepal Women,2024-2024,1,,,,,,,,,,,,,
deepti_sharma,t20,vs NZ Women,2018-2024,7,6,2,56,21*,14,64,87.5,0,0,0,1,1,
deepti_sharma,t20,vs PAK Women,2018-2024,7,3,1,23,16,11.5,21,109.52,0,0,1,3,0,
deepti_sharma,t20,vs SA Women,2018-2024,14,8,4,113,33,28.25,114,99.12,0,0,0,8,1,
deepti_sharma,t20,vs SL Women,2016-2025,21,8,5,48,17*,16,51,94.11,0,0,1,5,0,
deepti_sharma,t20,vs THA Women,2018-2022,3,1,0,3,3,3,5,60,0,0,0,0,0,
deepti_sharma,t20,vs UAE Women,2022-2024,2,1,0,64,64,64,49,130.61,0,1,0,5,2,
deepti_sharma,t20,vs WI Women,2016-2024,11,5,1,55,24,13.75,66,83.33,0,0,0,5,0,
,,,,,,,,,,,,,,,,,
playerId,format,vs Team,Span,Mat,Inns,NO,Runs,HS,Avg,BF,SR,100s,50s,0s,4s,6s,
sree_charani,t20,vs AUS Women,,3,1,0,0,0,0,1,0,0,0,1,0,0,
sree_charani,t20,vs ENG Women,,5,,,,,,,,,,,,,
sree_charani,t20,vs SL Women,,5,,,,,,,,,,,,,
,,,,,,,,,,,,,,,,,
playerId,format,vs Team,Span,Mat,Inns,NO,Runs,HS,Avg,BF,SR,100s,50s,0s,4s,6s,
tanuja_kanwar,t20,vs BAN Women,,1,,,,,,,,,,,,,
tanuja_kanwar,t20,vs Nepal Women,,1,,,,,,,,,,,,,
tanuja_kanwar,t20,vs SL Women,,1,,,,,,,,,,,,,
tanuja_kanwar,t20,vs UAE Women,,1,,,,,,,,,,,,,
,,,,,,,,,,,,,,,,,
playerId,format,vs Team,Span,Mat,Inns,NO,Runs,HS,Avg,BF,SR,100s,50s,0s,4s,6s,
titas_sadhu,t20,vs AUS Women,2024-2024,3,,,,,,,,,,,,,
titas_sadhu,t20,vs BAN Women,2023-2024,3,,,,,,,,,,,,,
titas_sadhu,t20,vs ENG Women,2023-2023,2,1,0,2,2,2,10,20,0,0,0,0,0,
titas_sadhu,t20,vs SL Women,2023-2023,1,,,,,,,,,,,,,
titas_sadhu,t20,vs WI Women,2024-2024,3,1,1,1,1*,,1,100,0,0,0,0,0,
,,,,,,,,,,,,,,,,,
playerId,format,vs Team,Span,Mat,Inns,NO,Runs,HS,Avg,BF,SR,100s,50s,0s,4s,6s,
uma_chetry,t20,vs BAN Women,,1,,,,,,,,,,,,,
uma_chetry,t20,vs SA Women,,2,,,,,,,,,,,,,
uma_chetry,t20,vs SL Women,,1,1,0,9,9,9,7,128.57,0,0,0,1,0,
uma_chetry,t20,vs WI Women,,3,3,0,28,24,9.33,34,82.35,0,0,1,4,0,
,,,,,,,,,,,,,,,,,
playerId,format,vs Team,Span,Mat,Inns,NO,Runs,HS,Avg,BF,SR,100s,50s,0s,4s,6s,
vaishnavi_sharma,t20,vs SL Women,,5,,,,,,,,,,,,,
,,,,,,,,,,,,,,,,,
playerId,format,vs Team,Span,Mat,Inns,NO,Runs,HS,Avg,BF,SR,100s,50s,0s,4s,6s,
anjali_sarvani,t20,vs AUS Women,,5,2,1,6,4,6,14,42.85,0,0,0,0,0,
anjali_sarvani,t20,vs SA Women,,1,,,,,,,,,,,,,
,,,,,,,,,,,,,,,,,
playerId,format,vs Team,Span,Mat,Inns,NO,Runs,HS,Avg,BF,SR,100s,50s,0s,4s,6s,
arundhati_reddy,t20,vs AUS Women,2018-2026,9,5,0,12,6,2.4,13,92.3,0,0,2,2,0,
arundhati_reddy,t20,vs BAN Women,2020-2020,1,,,,,,,,,,,,,
arundhati_reddy,t20,vs ENG Women,2018-2025,11,5,3,41,18,20.5,36,113.88,0,0,0,5,0,
arundhati_reddy,t20,vs Nepal Women,2024-2024,1,,,,,,,,,,,,,
arundhati_reddy,t20,vs NZ Women,2018-2024,5,3,0,6,3,2,16,37.5,0,0,0,0,0,
arundhati_reddy,t20,vs PAK Women,2018-2024,2,,,,,,,,,,,,,
arundhati_reddy,t20,vs SA Women,2019-2024,6,2,0,22,22,11,26,84.61,0,0,1,3,0,
arundhati_reddy,t20,vs SL Women,2018-2025,10,3,1,31,27*,15.5,23,134.78,0,0,0,4,1,
,,,,,,,,,,,,,,,,,
playerId,format,vs Team,Span,Mat,Inns,NO,Runs,HS,Avg,BF,SR,100s,50s,0s,4s,6s,
bharti_fulmali,t20,vs ENG Women,,2,2,0,23,18,11.5,33,69.69,0,0,0,2,0,
,,,,,,,,,,,,,,,,,
playerId,format,vs Team,Span,Mat,Inns,NO,Runs,HS,Avg,BF,SR,100s,50s,0s,4s,6s,
dayalan_hemalatha,t20,vs AUS Women,2018-2018,1,1,0,1,1,1,3,33.33,0,0,0,0,0,
dayalan_hemalatha,t20,vs BAN Women,2024-2024,4,4,1,109,41*,36.33,77,141.55,0,0,0,9,6,
dayalan_hemalatha,t20,vs ENG Women,2018-2022,4,4,0,20,10,5,30,66.66,0,0,1,2,0,
dayalan_hemalatha,t20,vs IRE Women,2018-2018,1,1,0,4,4,4,5,80,0,0,0,0,0,
dayalan_hemalatha,t20,vs MAS Women,2022-2022,1,1,1,10,10*,,4,250,0,0,0,1,1,
dayalan_hemalatha,t20,vs Nepal Women,2024-2024,1,1,0,47,47,47,42,111.9,0,0,0,5,1,
dayalan_hemalatha,t20,vs NZ Women,2018-2019,3,3,1,20,15,10,18,111.11,0,0,0,2,0,
dayalan_hemalatha,t20,vs PAK Women,2018-2024,3,2,0,34,20,17,33,103.03,0,0,0,6,0,
dayalan_hemalatha,t20,vs SA Women,2024-2024,1,1,0,14,14,14,17,82.35,0,0,0,2,0,
dayalan_hemalatha,t20,vs SL Women,2022-2022,2,1,1,13,13*,,10,130,0,0,0,1,0,
dayalan_hemalatha,t20,vs UAE Women,2022-2024,2,2,0,4,2,2,8,50,0,0,0,0,0,
,,,,,,,,,,,,,,,,,
playerId,format,vs Team,Mat,Inns,NO,Runs,HS,Avg,BF,SR,100s,50s,0s,4s,6s,,
gunalan_kamalini,t20,vs SL Women,1,1,0,12,12,12,12,100,0,0,0,2,0,,
,,,,,,,,,,,,,,,,,
playerId,format,vs Team,Span,Mat,Inns,NO,Runs,HS,Avg,BF,SR,100s,50s,0s,4s,6s,
harleen_deol,t20,vs AUS Women,2020-2022,5,3,0,33,24,11,26,126.92,0,0,0,5,1,
harleen_deol,t20,vs BAN Women,2023-2023,2,1,0,6,6,6,21,28.57,0,0,0,0,0,
harleen_deol,t20,vs ENG Women,2019-2025,8,7,1,93,43,15.5,101,92.07,0,0,0,12,0,
harleen_deol,t20,vs PAK Women,2023-2023,1,,,,,,,,,,,,,
harleen_deol,t20,vs SA Women,2021-2023,6,5,1,141,52,35.25,151,93.37,0,1,0,15,0,
harleen_deol,t20,vs SL Women,2025-2025,2,1,0,13,13,13,11,118.18,0,0,0,2,0,
harleen_deol,t20,vs WI Women,2019-2023,4,3,0,25,13,8.33,28,89.28,0,0,1,3,0,
,,,,,,,,,,,,,,,,,
playerId,format,vs Team,Mat,Inns,NO,Runs,HS,Avg,BF,SR,100s,50s,0s,4s,6s,span ,
minnu_mani,t20,vs BAN Women,3,2,1,6,5*,6,5,120,0,0,0,1,0,2023,
minnu_mani,t20,vs MAS Women,1,,,,,,,,,,,,,2023,
,,,,,,,,,,,,,,,,,
playerId,format,vs Team,Mat,Inns,NO,Runs,HS,Avg,BF,SR,100s,50s,0s,4s,6s,span,
priya_punia,t20,vs NZ Women,3,3,0,9,4,3,17,52.94,0,0,0,1,0,2019,
,,,,,,,,,,,,,,,,,
playerId,format,vs Team,Span,Mat,Inns,NO,Runs,HS,Avg,BF,SR,100s,50s,0s,4s,6s,
Radha Yadav,T20,AUS Women,2018-2024,15,10,2,22,11,2.75,33,66.66,0,0,3,1,0,
Radha Yadav,T20,BAN Women,2024-2024,6,,,,,,,,,,,,,
Radha Yadav,T20,Barbados Women,2022-2022,1,,,,,,,,,,,,,
Radha Yadav,T20,ENG Women,2018-2025,19,4,3,26,14*,26,23,113.04,0,0,0,2,0,
Radha Yadav,T20,IRE Women,2018-2018,1,1,1,1,1*,,1,100,0,0,0,0,0,
Radha Yadav,T20,MAS Women,2022-2022,1,1,0,8,8,8,4,200,0,0,0,2,0,
Radha Yadav,T20,Nepal Women,2024-2024,1,,,,,,,,,,,,,
Radha Yadav,T20,NZ Women,2018-2020,5,4,2,23,14,11.5,19,121.05,0,0,0,0,1,
Radha Yadav,T20,PAK Women,2018-2024,5,1,0,3,3,3,4,75,0,0,0,0,0,
Radha Yadav,T20,SA Women,2018-2024,12,1,0,1,1,1,2,50,0,0,0,0,0,
Radha Yadav,T20,SL Women,2018-2024,11,3,1,2,1*,1,3,66.66,0,0,1,0,0,
Radha Yadav,T20,THA Women,2022-2022,1,,,,,,,,,,,,,
Radha Yadav,T20,UAE Women,2024-2024,1,,,,,,,,,,,,,
Radha Yadav,T20,WI Women,2019-2024,10,1,0,7,7,7,8,87.5,0,0,0,0,0,
,,,,,,,,,,,,,,,,,
playerId,format,vs Team,Span,Mat,Inns,NO,Runs,HS,Avg,BF,SR,100s,50s,0s,4s,6s,
Amanjot Kaur,T20,AUS Women,2024-2026,5,4,1,25,17*,8.33,23,108.69,0,0,0,3,0,
Amanjot Kaur,T20,BAN Women,2023-2023,4,2,0,16,14,8,22,72.72,0,0,0,2,0,
Amanjot Kaur,T20,ENG Women,2023-2025,5,5,4,85,63*,85,53,160.37,0,1,0,12,0,
Amanjot Kaur,T20,MAS Women,2023-2023,1,,,,,,,,,,,,,
Amanjot Kaur,T20,SA Women,2023-2023,1,1,1,41,41*,,30,136.66,0,0,0,7,0,
Amanjot Kaur,T20,SL Women,2023-2025,6,2,0,22,21,11,20,110,0,0,0,1,1,
Amanjot Kaur,T20,WI Women,2023-2023,1,,,,,,,,,,,,,
,,,,,,,,,,,,,,,,,
playerId,format,vs Team,Span,Mat,Inns,NO,Runs,HS,Avg,BF,SR,100s,50s,0s,4s,6s,
Saika Ishaque,T20,ENG Women,2023,3,1,0,8,8,8,9,88.88,0,0,0,1,0,
,,,,,,,,,,,,,,,,,
playerId,format,vs Team,Span,Mat,Inns,NO,Runs,HS,Avg,BF,SR,100s,50s,0s,4s,6s,
Saima Thakor,T20,WI Women,2024,3,1,0,6,6,6,4,150,0,0,0,1,0,
,,,,,,,,,,,,,,,,,
playerId,format,vs Team,Span,Mat,Inns,NO,Runs,HS,Avg,BF,SR,100s,50s,0s,4s,6s,
Shafali Verma,T20,AUS Women,2020-2026,23,23,1,493,64*,22.4,352,140.05,0,2,0,66,18,
Shafali Verma,T20,BAN Women,2020-2024,12,12,1,265,55,24.09,220,120.45,0,2,2,29,7,
Shafali Verma,T20,Barbados Women,2022-2022,1,1,0,43,43,43,26,165.38,0,0,0,7,1,
Shafali Verma,T20,ENG Women,2020-2025,18,18,0,382,75,21.22,307,124.42,0,2,3,61,4,
Shafali Verma,T20,IRE Women,2023-2023,1,1,0,24,24,24,29,82.75,0,0,0,3,0,
Shafali Verma,T20,MAS Women,2022-2023,2,2,0,113,67,56.5,78,144.87,0,1,0,5,8,
Shafali Verma,T20,Nepal Women,2024-2024,1,1,0,81,81,81,48,168.75,0,1,0,12,1,
Shafali Verma,T20,NZ Women,2020-2024,3,3,0,61,46,20.33,52,117.3,0,0,0,6,3,
Shafali Verma,T20,PAK Women,2022-2024,4,4,0,121,40,30.25,98,123.46,0,0,0,15,2,
Shafali Verma,T20,SA Women,2019-2024,10,9,1,239,60,29.87,179,133.51,0,1,1,29,10,
Shafali Verma,T20,SL Women,2020-2025,14,14,2,424,79*,35.33,305,139.01,0,3,0,59,7,
Shafali Verma,T20,THA Women,2022-2022,2,2,0,50,42,25,34,147.05,0,0,0,6,1,
Shafali Verma,T20,UAE Women,2024-2024,1,1,0,37,37,37,18,205.55,0,0,0,5,1,
Shafali Verma,T20,WI Women,2019-2023,6,6,1,186,73,37.2,122,152.45,0,2,1,21,8,
,,,,,,,,,,,,,,,,,
playerId,format,vs Team,Span,Mat,Inns,NO,Runs,HS,Avg,BF,SR,100s,50s,0s,4s,6s,
Richa Ghosh,T20,AUS Women,2020-2026,18,16,4,299,40*,24.91,232,128.87,0,0,0,30,14,
Richa Ghosh,T20,BAN Women,2020-2024,9,6,2,101,28*,25.25,80,126.25,0,0,0,11,3,
Richa Ghosh,T20,ENG Women,2021-2025,15,13,3,233,47*,23.3,171,136.25,0,0,0,29,5,
Richa Ghosh,T20,IRE Women,2023-2023,1,1,0,0,0,0,1,0,0,0,1,0,0,
Richa Ghosh,T20,MAS Women,2022-2023,2,2,2,54,33*,,26,207.69,0,0,0,8,2,
Richa Ghosh,T20,Nepal Women,2024-2024,1,1,1,6,6*,,3,200,0,0,0,1,0,
Richa Ghosh,T20,NZ Women,2022-2024,2,2,0,24,12,12,28,85.71,0,0,0,2,0,
Richa Ghosh,T20,PAK Women,2022-2024,4,3,1,57,31*,28.5,34,167.64,0,0,1,6,3,
Richa Ghosh,T20,SA Women,2021-2024,4,2,1,49,44*,49,35,140,0,0,0,8,0,
Richa Ghosh,T20,SL Women,2022-2025,11,8,3,111,40*,22.2,70,158.57,0,0,0,10,6,
Richa Ghosh,T20,THA Women,2022-2022,2,1,0,2,2,2,5,40,0,0,0,0,0,
Richa Ghosh,T20,UAE Women,2022-2024,2,2,1,64,64*,64,30,213.33,0,1,1,12,1,
Richa Ghosh,T20,WI Women,2023-2024,4,4,1,150,54,50,84,178.57,0,1,0,16,6,
,,,,,,,,,,,,,,,,,
playerId,format,vs Team,Span,Mat,Inns,NO,Runs,HS,Avg,BF,SR,100s,50s,0s,4s,6s,
Yastika Bhatia,T20,AUS Women,2021-2023,5,5,0,37,15,7.4,50,74,0,0,0,5,0,
Yastika Bhatia,T20,BAN Women,2023-2024,4,4,1,68,36,22.66,71,95.77,0,0,0,9,0,
Yastika Bhatia,T20,NZ Women,2022-2022,1,1,0,26,26,26,26,100,0,0,0,2,1,
Yastika Bhatia,T20,PAK Women,2022-2023,2,1,0,17,17,17,20,85,0,0,0,2,0,
Yastika Bhatia,T20,SA Women,2023-2023,3,1,0,35,35,35,34,102.94,0,0,0,3,1,
Yastika Bhatia,T20,SL Women,2022-2022,2,1,0,13,13,13,18,72.22,0,0,0,0,0,
Yastika Bhatia,T20,WI Women,2023-2023,2,1,0,18,18,18,23,78.26,0,0,0,3,0,
,,,,,,,,,,,,,,,,,
playerId,format,vs Team,Span,Mat,Inns,NO,Runs,HS,Avg,BF,SR,100s,50s,0s,4s,6s,
Pooja Vastrakar,T20,AUS Women,2018-2024,9,7,3,87,37*,21.75,68,127.94,0,0,0,6,3,
Pooja Vastrakar,T20,BAN Women,2018-2024,12,6,2,35,20,8.75,40,87.5,0,0,0,5,0,
Pooja Vastrakar,T20,Barbados Women,2022-2022,1,,,,,,,,,,,,,
Pooja Vastrakar,T20,ENG Women,2018-2023,10,7,4,63,22*,21,55,114.54,0,0,1,8,0,
Pooja Vastrakar,T20,IRE Women,2023-2023,1,1,1,2,2*,,1,200,0,0,0,0,0,
Pooja Vastrakar,T20,MAS Women,2018-2023,2,1,0,16,16,16,13,123.07,0,0,0,3,0,
Pooja Vastrakar,T20,NZ Women,2022-2024,2,2,0,18,10,9,16,112.5,0,0,0,2,0,
Pooja Vastrakar,T20,PAK Women,2022-2024,3,1,0,5,5,5,8,62.5,0,0,0,0,0,
Pooja Vastrakar,T20,SA Women,2018-2024,13,5,3,13,5*,6.5,16,81.25,0,0,0,1,0,
Pooja Vastrakar,T20,SL Women,2022-2024,7,5,1,35,14,8.75,30,116.66,0,0,0,4,0,
Pooja Vastrakar,T20,THA Women,2018-2022,3,3,3,35,17*,,27,129.62,0,0,0,3,1,
Pooja Vastrakar,T20,UAE Women,2022-2024,2,2,1,13,13,13,5,260,0,0,0,1,1,
Pooja Vastrakar,T20,WI Women,2019-2023,7,3,1,10,10,5,11,90.9,0,0,1,1,0,
,,,,,,,,,,,,,,,,,
playerId,format,vs Team,Span,Mat,Inns,NO,Runs,HS,Avg,BF,SR,100s,50s,0s,4s,6s,
Sneh Rana,T20,AUS Women,2016-2026,12,9,1,156,44,19.5,203,76.84,0,0,1,20,0,
Sneh Rana,T20,BAN Women,2022-2023,4,4,0,28,27,7,26,107.69,0,0,2,2,0,
Sneh Rana,T20,ENG Women,2021-2025,8,5,1,45,24,11.25,44,102.27,0,0,1,6,0,
Sneh Rana,T20,NZ Women,2015-2025,7,5,0,47,18,9.4,77,61.03,0,0,0,5,0,
Sneh Rana,T20,PAK Women,2022-2025,2,2,1,73,53*,73,81,90.12,0,1,0,6,0,
Sneh Rana,T20,SA Women,2022-2025,4,3,2,35,33,35,29,120.68,0,0,0,6,0,
Sneh Rana,T20,SL Women,2014-2025,7,2,1,38,28*,38,24,158.33,0,0,0,3,2,
Sneh Rana,T20,WI Women,2022-2022,1,1,1,2,2*,,2,100,0,0,0,0,0,
,,,,,,,,,,,,,,,,,
playerId,format,vs Team,Span,Mat,Inns,NO,Runs,HS,Avg,BF,SR,100s,50s,0s,4s,6s,
Rajeshwari Gayakwad,T20,AUS Women,2016-2022,13,5,5,5,2*,,13,38.46,0,0,0,0,0,
Rajeshwari Gayakwad,T20,BAN Women,2016-2023,5,,,,,,,,,,,,,
Rajeshwari Gayakwad,T20,ENG Women,2016-2023,4,,,,,,,,,,,,,
Rajeshwari Gayakwad,T20,IRE Women,2023-2023,1,,,,,,,,,,,,,
Rajeshwari Gayakwad,T20,MAS Women,2018-2023,3,,,,,,,,,,,,,
Rajeshwari Gayakwad,T20,NZ Women,2015-2022,5,1,1,5,5*,,2,250,0,0,0,1,0,
Rajeshwari Gayakwad,T20,PAK Women,2016-2023,3,1,0,1,1,1,5,20,0,0,0,0,0,
Rajeshwari Gayakwad,T20,SA Women,2018-2023,9,1,1,1,1*,,1,100,0,0,0,0,0,
Rajeshwari Gayakwad,T20,SL Women,2014-2023,8,,,,,,,,,,,,,
Rajeshwari Gayakwad,T20,THA Women,2022-2022,2,,,,,,,,,,,,,
Rajeshwari Gayakwad,T20,UAE Women,2022-2022,1,,,,,,,,,,,,,
Rajeshwari Gayakwad,T20,WI Women,2016-2023,4,1,1,0,0*,,0,,0,0,0,0,0,
,,,,,,,,,,,,,,,,,
playerId,format,vs Team,Span,Mat,Inns,NO,Runs,HS,Avg,BF,SR,100s,50s,0s,4s,6s,
Meghna Singh,T20,AUS Women,,4,2,0,1,1,0.5,2,50,0,0,1,0,0,
Meghna Singh,T20,Barbados Women,,1,,,,,,,,,,,,,
Meghna Singh,T20,ENG Women,,1,,,,,,,,,,,,,
Meghna Singh,T20,MAS Women,,1,,,,,,,,,,,,,
Meghna Singh,T20,PAK Women,,1,,,,,,,,,,,,,
Meghna Singh,T20,THA Women,,1,,,,,,,,,,,,,
,,,,,,,,,,,,,,,,,
playerId,format,vs Team,Span,Mat,Inns,NO,Runs,HS,Avg,BF,SR,100s,50s,0s,4s,6s,
Kranti Gaud,T20,AUS Women,2025-2026,2,1,1,12,12*,,5,240,0,0,0,1,1,
Kranti Gaud,T20,ENG Women,2025-2026,1,,,,,,,,,,,,,
Kranti Gaud,T20,SL Women,2025-2026,3,,,,,,,,,,,,,
,,,,,,,,,,,,,,,,,
playerId,format,vs Team,Span,Mat,Inns,NO,Runs,HS,Avg,BF,SR,100s,50s,0s,4s,6s,
Renuka Singh,T20,AUS Women,2021-2026,18,5,3,5,2,2.5,8,62.5,0,0,0,0,0,
Renuka Singh,T20,BAN Women,2022-2024,5,,,,,,,,,,,,,
Renuka Singh,T20,Barbados Women,2022-2022,1,,,,,,,,,,,,,
Renuka Singh,T20,ENG Women,2022-2023,8,1,1,2,2*,,2,100,0,0,0,0,0,
Renuka Singh,T20,IRE Women,2023-2023,1,,,,,,,,,,,,,
Renuka Singh,T20,Nepal Women,2024-2024,1,,,,,,,,,,,,,
Renuka Singh,T20,NZ Women,2024-2024,1,1,0,0,0,0,1,0,0,0,1,0,0,
Renuka Singh,T20,PAK Women,2022-2024,5,1,1,2,2*,,2,100,0,0,0,0,0,
Renuka Singh,T20,SA Women,2023-2024,2,,,,,,,,,,,,,
Renuka Singh,T20,SL Women,2022-2025,9,,,,,,,,,,,,,
Renuka Singh,T20,THA Women,2022-2022,1,,,,,,,,,,,,,
Renuka Singh,T20,UAE Women,2022-2024,2,,,,,,,,,,,,,
Renuka Singh,T20,WI Women,2023-2024,5,1,1,4,4*,,2,200,0,0,0,1,0,
,,,,,,,,,,,,,,,,,
playerId,format,vs Team,Span,Mat,Inns,NO,Runs,HS,Avg,BF,SR,100s,50s,0s,4s,6s,
Sajeevan Sajana,T20,BAN Women,2024-2025,5,3,1,20,11,10,19,105.26,0,0,0,3,0,
Sajeevan Sajana,T20,Nepal Women,2024-2025,1,1,0,10,10,10,12,83.33,0,0,0,1,0,
Sajeevan Sajana,T20,PAK Women,2024-2025,1,1,1,4,4*,,1,400,0,0,0,1,0,
Sajeevan Sajana,T20,SA Women,2024-2025,3,,,,,,,,,,,,,
Sajeevan Sajana,T20,SL Women,2024-2025,1,,,,,,,,,,,,,
Sajeevan Sajana,T20,WI Women,2024-2025,3,3,2,7,4*,7,5,140,0,0,0,1,0,
,,,,,,,,,,,,,,,,,
playerId,format,vs Team,Span,Mat,Inns,NO,Runs,HS,Avg,BF,SR,100s,50s,0s,4s,6s,
Shreyanka Patil,T20,AUS Women,2024-2026,6,2,1,7,7*,7,8,87.5,0,0,1,1,0,
Shreyanka Patil,T20,BAN Women,2024-2024,3,1,1,1,1*,,1,100,0,0,0,0,0,
Shreyanka Patil,T20,ENG Women,2023-2023,3,1,0,4,4,4,6,66.66,0,0,0,0,0,
Shreyanka Patil,T20,NZ Women,2024-2024,1,1,0,7,7,7,13,53.84,0,0,0,1,0,
Shreyanka Patil,T20,PAK Women,2024-2024,2,,,,,,,,,,,,,
Shreyanka Patil,T20,SA Women,2024-2024,2,,,,,,,,,,,,,
Shreyanka Patil,T20,SL Women,2024-2024,1,,,,,,,,,,,,,
,,,,,,,,,,,,,,,,,
playerId,format,vs Team,Span,Mat,Inns,NO,Runs,HS,Avg,BF,SR,100s,50s,0s,4s,6s,
Meghna Singh,Test,AUS Women,,1,1,1,2,2*,,6,33.33,0,0,0,0,0,
playerId,format,vs Team,Span,Mat,Inns,NO,Runs,HS,Avg,BF,SR,100s,50s,0s,4s,6s,
Tejal Hasabnis,ODI,IRE Women,-,3,3,2,83,53*,83,73,113.69,0,1,0,11,0,
Tejal Hasabnis,ODI,NZ Women,-,3,3,1,57,42,28.5,105,54.28,0,0,0,5,0,
playerId,format,vs Team,Span,Mat,Inns,NO,Runs,HS,Avg,BF,SR,100s,50s,0s,4s,6s,
Poonam Yadav,T20,AUS Women,2016-2020,7,1,0,1,1,1,5,20,0,0,0,0,0,
Poonam Yadav,T20,BAN Women,2013-2020,9,-,-,-,-,-,-,-,-,-,-,-,-,
Poonam Yadav,T20,ENG Women,2014-2021,10,2,1,1,1,1,4,25,0,0,0,0,0,
Poonam Yadav,T20,IRE Women,2018-2018,1,-,-,-,-,-,-,-,-,-,-,-,-,
Poonam Yadav,T20,MAS Women,2018-2018,1,-,-,-,-,-,-,-,-,-,-,-,-,
Poonam Yadav,T20,NZ Women,2015-2022,8,2,2,1,1*,-,1,100,0,0,0,0,0,
Poonam Yadav,T20,PAK Women,2014-2018,4,1,1,2,2*,-,2,100,0,0,0,0,0,
Poonam Yadav,T20,SA Women,2014-2021,11,2,0,3,3,1.5,6,50,0,0,1,0,0,
Poonam Yadav,T20,SL Women,2014-2020,12,2,1,5,4,5,4,125,0,0,0,0,0,
Poonam Yadav,T20,THA Women,2018-2018,1,-,-,-,-,-,-,-,-,-,-,-,-,
Poonam Yadav,T20,WI Women,2014-2019,8,1,1,1,1*,-,1,100,0,0,0,0,0,
playerId,format,vs Team,Span,Mat,Inns,NO,Runs,HS,Avg,BF,SR,100s,50s,0s,4s,6s,
Poonam Yadav,ODI,AUS Women,2016-2021,8,4,2,15,7*,7.5,34,44.11,0,0,0,1,0,
Poonam Yadav,ODI,BAN Women,2013-2022,3,1,0,15,15,15,46,32.6,0,0,0,3,0,
Poonam Yadav,ODI,ENG Women,2017-2021,10,6,4,23,10,11.5,50,46,0,0,0,2,0,
Poonam Yadav,ODI,IRE Women,2017-2017,1,-,-,-,-,-,-,-,-,-,-,-,-,
Poonam Yadav,ODI,NZ Women,2015-2022,8,2,0,4,3,2,18,22.22,0,0,0,0,0,
Poonam Yadav,ODI,PAK Women,2017-2017,2,1,1,6,6*,-,4,150,0,0,0,0,0,
Poonam Yadav,ODI,SA Women,2014-2021,15,5,2,31,13*,10.33,73,42.46,0,0,1,3,0,
Poonam Yadav,ODI,SL Women,2014-2018,7,1,0,1,1,1,2,50,0,0,0,0,0,
Poonam Yadav,ODI,WI Women,2017-2019,4,1,0,0,0,0,1,0,0,0,1,0,0,
playerId,format,vs Team,Span,Mat,Inns,NO,Runs,HS,Avg,BF,SR,100s,50s,0s,4s,6s,
Poonam Yadav,Test,SA Women,-,1,-,-,-,-,-,-,-,-,-,-,-,-,
