playerId,format,vs Team,Span,Mat,Inns,Overs,Mdns,Runs Conceded,Wkts,BBI,BBM,Bowl Avg,Econ,SR,5w,10w,Dis,Ct,St,Ct Wk,Ct Fi,MD,D/I,
Harmanpreet Kaur,test,AUS Women,2023-2026,2,1,9,0,23,2,Feb-23,Feb-23,11.5,2.55,27,0,0,1,1,0,0,1,1 (1ct 0st),0.25,
Harmanpreet Kaur,test,ENG Women,2014-2023,3,2,8,1,37,0,-,-,-,4.62,-,0,0,0,0,0,0,0,0,0,
Harmanpreet Kaur,test,SA Women,2014-2024,2,4,54.2,15,125,10,May-44,Sep-85,12.5,2.3,32.6,1,0,0,0,0,0,0,0,0,0
,,,,,,,,,,,,,,,,,,,,,,,,
playerId,format,vs Team,Span,Mat,Inns,Overs,Mdns,Runs Conceded,Wkts,Econ,5w,10w,Dis,Ct,St,Ct Wk,Ct Fi,MD,D/I,,,,,
Smriti Mandhana,Test,AUS Women,2021-2026,3,,,,,,,,,3,3,0,0,3,1 (1ct 0st),0.5,,,,,
Smriti Mandhana,Test,ENG Women,2014-2023,3,,,,,,,,,0,0,0,0,0,0,0,,,,,
Smriti Mandhana,Test,SA Women,2014-2024,2,1,2,0,8,0,4,0,0,0,0,0,0,0,0,0,,,,,
,,,,,,,,,,,,,,,,,,,,,,,,
playerId,format,vs Team,Span,Mat,Inns,Overs,Mdns,Runs Conceded,Wkts,Econ,5w,10w,Dis,Ct,St,Ct Wk,Ct Fi,MD,D/I,,,,,
Jemimah Rodrigues,Test,AUS Women,2023-2026,2,1,2,0,13,0,6.5,0,0,3,3,0,0,3,3 (3ct 0st),0.75,,,,,
Jemimah Rodrigues,Test,ENG Women,2023-2023,1,,,,,,,,,2,2,0,0,2,1 (1ct 0st),1,,,,,
Jemimah Rodrigues,Test,SA Women,2024-2024,1,,,,,,,,,1,1,0,0,1,1 (1ct 0st),0.5,,,,,
,,,,,,,,,,,,,,,,,,,,,,,,
playerId,format,vs Team,Span,Mat,Inns,Overs,Mdns,Runs Conceded,Wkts,BBI,BBM,Bowl Avg,Econ,SR,5w,10w,Dis,Ct,St,Ct Wk,Ct Fi,MD,D/I,
Deepti Sharma,Test,AUS Women,2021-2026,3,4,74,17,183,6,Feb-36,Feb-36,30.5,2.47,74,0,0,0,0,0,0,0,0,0,
Deepti Sharma,Test,ENG Women,2021-2023,2,3,40.3,11,104,12,05-Jul,Sep-39,8.66,2.56,20.2,1,0,2,2,0,0,2,1 (1ct 0st),0.666,
Deepti Sharma,Test,SA Women,2024-2024,1,2,66,15,142,4,Feb-47,4/142,35.5,2.15,99,0,0,1,1,0,0,1,1 (1ct 0st),0.5,
,,,,,,,,,,,,,,,,,,,,,,,,
playerId,format,vs Team,Span,Mat,Inns,Overs,Mdns,Runs Conceded,Wkts,BBI,BBM,Bowl Avg,Econ,SR,5w,10w,Dis,Ct,St,Ct Wk,Ct Fi,MD,D/I,
Shafali Verma,Test,AUS Women,2021-2026,3,1,5,2,12,1,01-Dec,01-Dec,12,2.4,30,0,0,0,0,0,0,0,0,0,
Shafali Verma,Test,ENG Women,2021-2023,2,,,,,,,,,3,3,0,0,3,1 (1ct 0st),1,,,,,
Shafali Verma,Test,SA Women,2024-2024,1,1,3,1,7,1,01-Jul,01-Jul,7,2.33,18,0,0,0,0,0,0,0,0,0,
,,,,,,,,,,,,,,,,,,,,,,,,
playerId,format,vs Team,Span,Mat,Inns,Overs,Mdns,Runs Conceded,Wkts,BBI,BBM,Bowl Avg,Econ,SR,5w,10w,Dis,Ct,St,Ct Wk,Ct Fi,MD,D/I,
Richa Ghosh,Test,AUS Women,2023-2026,2,,,,,,,,,0,0,0,0,0,0,0,0,,,,
Richa Ghosh,Test,SA Women,2024-2024,1,,,,,,,,,1,1,0,1,0,1 (1ct 0st),0.5,,,,,
,,,,,,,,,,,,,,,,,,,,,,,,
playerId,format,vs Team,Span,Mat,Inns,Overs,Mdns,Runs Conceded,Wkts,BBI,BBM,Bowl Avg,Econ,SR,5w,10w,Dis,Ct,St,Ct Wk,Ct Fi,MD,D/I,
Yastika Bhatia,Test,AUS Women,2021-2023,2,,,,,,,,,4,4,0,4,0,2 (2ct 0st),1,,,,,
Yastika Bhatia,Test,ENG Women,2023-2023,1,,,,,,,,,1,1,0,1,0,1 (1ct 0st),0.5,,,,,
,,,,,,,,,,,,,,,,,,,,,,,,
playerId,format,vs Team,Span,Mat,Inns,Overs,Mdns,Runs Conceded,Wkts,BBI,BBM,Bowl Avg,Econ,SR,5w,10w,Dis,Ct,St,Ct Wk,Ct Fi,MD,D/I,
Pooja Vastrakar,Test,AUS Women,2021-2023,2,4,53.4,10,155,9,Apr-53,May-93,17.22,2.88,35.7,0,0,0,0,0,0,0,0,0,
Pooja Vastrakar,Test,ENG Women,2021-2023,2,3,27,5,115,5,Mar-23,Apr-62,23,4.25,32.4,0,0,0,0,0,0,0,0,0,
Pooja Vastrakar,Test,SA Women,2024-2024,1,2,25,9,67,1,Jan-35,Jan-67,67,2.68,150,0,0,0,0,0,0,0,0,0,
,,,,,,,,,,,,,,,,,,,,,,,,
playerId,format,vs Team,Span,Mat,Inns,Overs,Mdns,Runs Conceded,Wkts,BBI,BBM,Bowl Avg,Econ,SR,5w,10w,Dis,Ct,St,Ct Wk,Ct Fi,MD,D/I,
Sneh Rana,Test,AUS Women,2023-2026,2,3,61.4,10,183,8,Apr-63,7/119,22.87,2.96,46.2,0,0,3,3,0,0,3,2 (2ct 0st),0.75,
Sneh Rana,Test,ENG Women,2021-2023,2,3,49.2,4,175,6,4/131,4/131,29.16,3.54,49.3,0,0,1,1,0,0,1,1 (1ct 0st),0.333,
Sneh Rana,Test,SA Women,2024-2024,1,2,65.3,16,188,10,Aug-77,10/188,18.8,2.87,39.3,1,1,0,0,0,0,0,0,0,
,,,,,,,,,,,,,,,,,,,,,,,,
playerId,format,vs Team,Span,Mat,Inns,Overs,Mdns,Runs Conceded,Wkts,BBI,BBM,Bowl Avg,Econ,SR,5w,10w,Dis,Ct,St,Ct Wk,Ct Fi,MD,D/I,
Rajeshwari Gayakwad,Test,AUS Women,2021-2023,2,4,61.4,17,136,2,Feb-42,Feb-71,68,2.2,185,0,0,2,2,0,0,2,1 (1ct 0st),0.5,
Rajeshwari Gayakwad,Test,ENG Women,2023-2023,1,2,11.3,1,45,2,Feb-20,Feb-45,22.5,3.91,34.5,0,0,0,0,0,0,0,0,0,
Rajeshwari Gayakwad,Test,SA Women,2014-2024,2,4,106.4,43,188,7,Apr-54,May-80,26.85,1.76,91.4,0,0,1,1,0,0,1,1 (1ct 0st),0.25,
,,,,,,,,,,,,,,,,,,,,,,,,
playerId,format,vs Team,Span,Mat,Inns,Overs,Mdns,Runs Conceded,Wkts,BBI,BBM,Bowl Avg,Econ,SR,5w,10w,Dis,Ct,St,Ct Wk,Ct Fi,MD,D/I,
Meghna Singh,Test,AUS Women,,1,2,21,2,66,2,Feb-54,Feb-66,33,3.14,63,0,0,0,0,0,0,0,0,0,
,,,,,,,,,,,,,,,,,,,,,,,,
playerId,format,vs Team,Span,Mat,Inns,Overs,Mdns,Runs Conceded,Wkts,BBI,BBM,Bowl Avg,Econ,SR,5w,10w,Dis,Ct,St,Ct Wk,Ct Fi,MD,D/I,
Pratika Rawal,Test,AUS Women,2026-2026,1,,,,,,,,,0,0,0,0,0,0,0,0,,,,
,,,,,,,,,,,,,,,,,,,,,,,,
playerId,format,vs Team,Span,Mat,Inns,Overs,Mdns,Runs Conceded,Wkts,BBI,BBM,Bowl Avg,Econ,SR,5w,10w,Dis,Ct,St,Ct Wk,Ct Fi,MD,D/I,
Kashvee Gautam,Test,AUS Women,2026-2026,1,2,13.3,1,66,0,,,,4.88,,0,0,0,0,0,0,0,0,0,
,,,,,,,,,,,,,,,,,,,,,,,,
playerId,format,vs Team,Span,Mat,Inns,Overs,Mdns,Runs Conceded,Wkts,BBI,BBM,Bowl Avg,Econ,SR,5w,10w,Dis,Ct,St,Ct Wk,Ct Fi,MD,D/I,
Kranti Gaud,Test,AUS Women,2026-2026,1,1,22,5,72,2,Feb-72,Feb-72,36,3.27,66,0,0,0,0,0,0,0,0,0,
,,,,,,,,,,,,,,,,,,,,,,,,
playerId,format,vs Team,Span,Mat,Inns,Overs,Mdns,Runs Conceded,Wkts,BBI,BBM,Bowl Avg,Econ,SR,5w,10w,Dis,Ct,St,Ct Wk,Ct Fi,MD,D/I,
Sayali Satghare,Test,AUS Women,2026-2026,1,2,20.4,2,57,4,Apr-50,Apr-57,14.25,2.75,31,0,0,0,0,0,0,0,0,0,
,,,,,,,,,,,,,,,,,,,,,,,,
playerId,format,vs Team,Span,Mat,Inns,Overs,Mdns,Runs Conceded,Wkts,BBI,BBM,Bowl Avg,Econ,SR,5w,10w,Dis,Ct,St,Ct Wk,Ct Fi,MD,D/I,
Renuka Singh,Test,AUS Women,2023-2023,1,2,18,4,67,0,-,-,-,3.72,-,0,0,0,0,0,0,0,0,0,
Renuka Singh,Test,ENG Women,2023-2023,1,2,15,2,62,2,Jan-30,Feb-62,31,4.13,45,0,0,0,0,0,0,0,0,0,
Renuka Singh,Test,SA Women,2024-2024,1,2,17,1,52,0,-,-,-,3.05,-,0,0,0,0,0,0,0,0,0,
,,,,,,,,,,,,,,,,,,,,,,,,
playerId,format,vs Team,Span,Mat,Inns,Overs,Mdns,Runs Conceded,Wkts,BBI,Bowl Avg,Econ,SR,4w,5w,Dis,Ct,St,Ct Wk,Ct Fi,MD,D/I,,
Harmanpreet Kaur,ODI,AUS Women,2009-2026,29,11,43.4,0,325,3,Feb-51,108.33,7.44,87.3,0,0,11,11,0,0,11,2 (2ct 0st),0.379,,
Harmanpreet Kaur,ODI,BAN Women,2013-2025,9,1,6,0,30,2,Feb-30,15,5,18,0,0,9,9,0,0,9,3 (3ct 0st),1,,
Harmanpreet Kaur,ODI,ENG Women,2009-2025,28,9,31.5,0,185,1,Jan-24,185,5.81,191,0,0,7,7,0,0,7,1 (1ct 0st),0.25,,
Harmanpreet Kaur,ODI,IRE Women,2012-2017,4,4,12,0,53,0,-,-,4.41,-,0,0,1,1,0,0,1,1 (1ct 0st),0.25,,
Harmanpreet Kaur,ODI,NZ Women,2009-2025,20,9,47,3,238,7,Feb-16,34,5.06,40.2,0,0,7,7,0,0,7,1 (1ct 0st),0.35,,
Harmanpreet Kaur,ODI,PAK Women,2009-2025,6,3,6.4,0,17,2,01-Jan,8.5,2.55,20,0,0,3,3,0,0,3,1 (1ct 0st),0.5,,
Harmanpreet Kaur,ODI,SA Women,2014-2025,28,18,70.1,2,359,10,Feb-18,35.9,5.11,42.1,0,0,10,10,0,0,10,1 (1ct 0st),0.357,,
Harmanpreet Kaur,ODI,SL Women,2009-2025,20,10,40,1,169,3,Jan-13,56.33,4.22,80,0,0,11,11,0,0,11,3 (3ct 0st),0.55,,
Harmanpreet Kaur,ODI,WI Women,2011-2024,20,8,33,1,157,3,Feb-42,52.33,4.75,66,0,0,8,8,0,0,8,2 (2ct 0st),0.4,,
,,,,,,,,,,,,,,,,,,,,,,,,
playerId,format,vs Team,Span,Mat,Inns,Overs,Mdns,Runs Conceded,Wkts,BBI,Bowl Avg,Econ,SR,4w,5w,Dis,Ct,St,Ct Wk,Ct Fi,MD,D/I,,
Smriti Mandhana,ODI,AUS Women,2016-2026,24,1,1,0,12,0,-,-,12,-,0,0,7,7,0,0,7,2 (2ct 0st),0.291,,
Smriti Mandhana,ODI,BAN Women,2013-2025,7,,,,,,,,,5,5,0,0,5,3 (3ct 0st),0.714,,,,,
Smriti Mandhana,ODI,ENG Women,2014-2025,21,,,,,,,,,8,8,0,0,8,2 (2ct 0st),0.38,,,,,
Smriti Mandhana,ODI,IRE Women,2025-2025,3,,,,,,,,,0,0,0,0,0,0,0,,,,,
Smriti Mandhana,ODI,NZ Women,2015-2025,16,,,,,,,,,7,7,0,0,7,3 (3ct 0st),0.437,,,,,
Smriti Mandhana,ODI,PAK Women,2017-2025,3,,,,,,,,,2,2,0,0,2,2 (2ct 0st),0.666,,,,,
Smriti Mandhana,ODI,SA Women,2014-2025,20,3,5,0,35,1,Jan-13,35,7,30,0,0,2,2,0,0,2,1 (1ct 0st),0.1,,
Smriti Mandhana,ODI,SL Women,2014-2025,17,,,,,,,,,8,8,0,0,8,1 (1ct 0st),0.47,,,,,
Smriti Mandhana,ODI,WI Women,2016-2024,9,,,,,,,,,4,4,0,0,4,2 (2ct 0st),0.444,,,,,
,,,,,,,,,,,,,,,,,,,,,,,,
playerId,format,vs Team,Span,Mat,Inns,Overs,Mdns,Runs Conceded,Wkts,BBI,Bowl Avg,Econ,SR,4w,5w,Dis,Ct,St,Ct Wk,Ct Fi,MD,D/I,,
Jemimah Rodrigues,ODI,AUS Women,2018-2026,14,1,1,0,5,0,-,-,5,-,0,0,4,4,0,0,4,1 (1ct 0st),0.285,,
Jemimah Rodrigues,ODI,BAN Women,2023-2025,4,2,5.1,0,12,4,04-Mar,3,2.32,7.7,1,0,2,2,0,0,2,1 (1ct 0st),0.5,,
Jemimah Rodrigues,ODI,ENG Women,2018-2025,9,,,,,,,,,4,4,0,0,4,2 (2ct 0st),0.444,,,,,
Jemimah Rodrigues,ODI,IRE Women,2025-2025,3,,,,,,,,,0,0,0,0,0,0,0,,,,,
Jemimah Rodrigues,ODI,NZ Women,2019-2025,7,,,,,,,,,2,2,0,0,2,1 (1ct 0st),0.285,,,,,
Jemimah Rodrigues,ODI,PAK Women,2025-2025,1,,,,,,,,,0,0,0,0,0,0,0,,,,,
Jemimah Rodrigues,ODI,SA Women,2019-2025,13,1,1,0,1,1,01-Jan,1,1,6,0,0,4,4,0,0,4,1 (1ct 0st),0.307,,
Jemimah Rodrigues,ODI,SL Women,2018-2025,5,,,,,,,,,1,1,0,0,1,1 (1ct 0st),0.2,,,,,
Jemimah Rodrigues,ODI,WI Women,2019-2024,6,,,,,,,,,5,5,0,0,5,3 (3ct 0st),0.833,,,,,
,,,,,,,,,,,,,,,,,,,,,,,,
playerId,format,vs Team,Span,Mat,Inns,Overs,Mdns,Runs Conceded,Wkts,BBI,Bowl Avg,Econ,SR,4w,5w,Dis,Ct,St,Ct Wk,Ct Fi,MD,D/I,,
Deepti Sharma,ODI,AUS Women,2017-2026,22,21,178.2,4,1124,26,May-38,43.23,6.3,41.1,0,1,5,5,0,0,5,2 (2ct 0st),0.227,,
Deepti Sharma,ODI,BAN Women,2017-2025,5,5,36,10,116,3,01-Jul,38.66,3.22,72,0,0,0,0,0,0,0,0,0,,
Deepti Sharma,ODI,ENG Women,2017-2025,19,19,156.3,4,703,22,Apr-51,31.95,4.49,42.6,1,0,6,6,0,0,6,1 (1ct 0st),0.315,,
Deepti Sharma,ODI,IRE Women,2017-2025,6,6,51.2,7,161,11,Mar-20,14.63,3.13,28,0,0,3,3,0,0,3,2 (2ct 0st),0.5,,
Deepti Sharma,ODI,NZ Women,2015-2025,17,17,139.1,7,686,27,Apr-52,25.4,4.92,30.9,1,0,6,6,0,0,6,2 (2ct 0st),0.352,,
Deepti Sharma,ODI,PAK Women,2017-2025,4,4,36,7,103,6,Mar-45,17.16,2.86,36,0,0,2,2,0,0,2,1 (1ct 0st),0.5,,
Deepti Sharma,ODI,SA Women,2014-2025,25,25,213.3,10,930,27,May-39,34.44,4.35,47.4,0,1,11,11,0,0,11,3 (3ct 0st),0.44,,
Deepti Sharma,ODI,SL Women,2016-2025,15,15,130.2,12,469,27,Jun-20,17.37,3.59,28.9,1,1,5,5,0,0,5,2 (2ct 0st),0.333,,
Deepti Sharma,ODI,WI Women,2016-2024,11,11,91.1,11,306,17,Jun-31,18,3.35,32.1,0,1,4,4,0,0,4,2 (2ct 0st),0.363,,
,,,,,,,,,,,,,,,,,,,,,,,,
playerId,format,vs Team,Span,Mat,Inns,Overs,Mdns,Runs Conceded,Wkts,BBI,Bowl Avg,Econ,SR,4w,5w,Dis,Ct,St,Ct Wk,Ct Fi,MD,D/I,,
Shree Charani,ODI,AUS Women,2025-2026,6,6,51.2,1,333,9,Mar-41,37,6.48,34.2,0,0,3,3,0,0,3,1 (1ct 0st),0.5,,
Shree Charani,ODI,BAN Women,2025-2025,1,1,6,0,23,2,Feb-23,11.5,3.83,18,0,0,1,1,0,0,1,1 (1ct 0st),1,,
Shree Charani,ODI,ENG Women,2025-2025,4,4,34,0,210,5,Feb-68,42,6.17,40.8,0,0,0,0,0,0,0,0,0,,
Shree Charani,ODI,NZ Women,2025-2025,1,1,9,0,58,1,Jan-58,58,6.44,54,0,0,0,0,0,0,0,0,0,,
Shree Charani,ODI,PAK Women,2025-2025,1,1,6,1,26,0,-,-,4.33,-,0,0,0,0,0,0,0,0,0,,
Shree Charani,ODI,SA Women,2025-2025,4,4,39,1,194,4,Jan-37,48.5,4.97,58.5,0,0,0,0,0,0,0,0,0,,
Shree Charani,ODI,SL Women,2025-2025,4,4,36,0,187,6,Feb-26,31.16,5.19,36,0,0,0,0,0,0,0,0,0,,
,,,,,,,,,,,,,,,,,,,,,,,,
playerId,format,vs Team,Span,Mat,Inns,Overs,Mdns,Runs Conceded,Wkts,BBI,Bowl Avg,Econ,SR,4w,5w,Dis,Ct,St,Ct Wk,Ct Fi,MD,D/I,,
Tanuja Kanwar,ODI,IRE Women,2025-2025,1,1,9,2,31,2,Feb-31,15.5,3.44,27,0,0,0,0,0,0,0,0,0,,
Tanuja Kanwar,ODI,WI Women,2024-2024,1,1,9,0,44,0,-,-,4.88,-,0,0,0,0,0,0,0,0,0,,
,,,,,,,,,,,,,,,,,,,,,,,,
playerId,format,vs Team,Span,Mat,Inns,Overs,Mdns,Runs Conceded,Wkts,BBI,Bowl Avg,Econ,SR,4w,5w,Dis,Ct,St,Ct Wk,Ct Fi,MD,D/I,,
Uma Chetry,ODI,BAN Women,2025-2025,1,,,,,,,,,0,0,0,0,0,0,0,,,,,
,,,,,,,,,,,,,,,,,,,,,,,,
playerId,format,vs Team,Span,Mat,Inns,Overs,Mdns,Runs Conceded,Wkts,BBI,Bowl Avg,Econ,SR,4w,5w,Dis,Ct,St,Ct Wk,Ct Fi,MD,D/I,,
Vaishnavi Sharma,ODI,AUS Women,2026-2026,1,1,4,0,34,0,-,-,8.5,-,0,0,0,0,0,0,0,0,0,,
,,,,,,,,,,,,,,,,,,,,,,,,
playerId,format,vs Team,Span,Mat,Inns,Overs,Mdns,Runs Conceded,Wkts,BBI,Bowl Avg,Econ,SR,4w,5w,Dis,Ct,St,Ct Wk,Ct Fi,MD,D/I,,
Arundhati Reddy,ODI,AUS Women,2024-2025,3,3,26.2,2,158,8,Apr-26,19.75,6,19.7,1,0,4,4,0,0,4,3 (3ct 0st),1.333,,
Arundhati Reddy,ODI,ENG Women,2025-2025,1,1,5,0,21,0,-,-,4.2,-,0,0,0,0,0,0,0,0,0,,
Arundhati Reddy,ODI,NZ Women,2024-2024,2,2,16,0,73,1,Jan-21,73,4.56,96,0,0,1,1,0,0,1,1 (1ct 0st),0.5,,
Arundhati Reddy,ODI,SA Women,2024-2025,3,3,27,0,157,4,Feb-36,39.25,5.81,40.5,0,0,3,3,0,0,3,2 (2ct 0st),1,,
Arundhati Reddy,ODI,SL Women,2025-2025,2,2,17,0,81,2,Jan-26,40.5,4.76,51,0,0,3,3,0,0,3,2 (2ct 0st),1.5,,
,,,,,,,,,,,,,,,,,,,,,,,,
playerId,format,vs Team,Span,Mat,Inns,Overs,Mdns,Runs Conceded,Wkts,BBI,Bowl Avg,Econ,SR,4w,5w,Dis,Ct,St,Ct Wk,Ct Fi,MD,D/I,,
Dayalan Hemalatha,ODI,ENG Women,2022-2022,2,2,7.2,0,31,2,02-Jun,15.5,4.22,22,0,0,0,0,0,0,0,0,0,,
Dayalan Hemalatha,ODI,NZ Women,2019-2024,4,4,9,0,60,0,-,-,6.66,-,0,0,1,1,0,0,1,1 (1ct 0st),0.25,,
Dayalan Hemalatha,ODI,SA Women,2021-2024,3,1,10,0,44,1,Jan-44,44,4.4,60,0,0,0,0,0,0,0,0,0,,
Dayalan Hemalatha,ODI,SL Women,2018-2018,3,3,10,0,54,2,Jan-16,27,5.4,30,0,0,2,2,0,0,2,2 (2ct 0st),0.666,,
,,,,,,,,,,,,,,,,,,,,,,,,
playerId,format,vs Team,Span,Mat,Inns,Overs,Mdns,Runs Conceded,Wkts,BBI,Bowl Avg,Econ,SR,4w,5w,Dis,Ct,St,Ct Wk,Ct Fi,MD,D/I,,
Harleen Deol,ODI,AUS Women,2023-2026,9,,,,,,,,,2,2,0,0,2,1 (1ct 0st),0.222,,,,,
Harleen Deol,ODI,BAN Women,2023-2025,3,,,,,,,,,2,2,0,0,2,2 (2ct 0st),0.666,,,,,
Harleen Deol,ODI,ENG Women,2019-2025,8,2,6,0,38,1,Jan-25,38,6.33,36,0,0,5,5,0,0,5,3 (3ct 0st),0.625,,
Harleen Deol,ODI,IRE Women,2025-2025,3,,,,,,,,,0,0,0,0,0,0,0,,,,,
Harleen Deol,ODI,NZ Women,2025-2025,1,,,,,,,,,0,0,0,0,0,0,0,,,,,
Harleen Deol,ODI,PAK Women,2025-2025,1,,,,,,,,,0,0,0,0,0,0,0,,,,,
Harleen Deol,ODI,SA Women,2025-2025,3,,,,,,,,,2,2,0,0,2,1 (1ct 0st),0.666,,,,,
Harleen Deol,ODI,SL Women,2022-2025,7,4,9,1,43,1,01-Jul,43,4.77,54,0,0,2,2,0,0,2,1 (1ct 0st),0.285,,
Harleen Deol,ODI,WI Women,2024-2024,3,,,,,,,,,1,1,0,0,1,1 (1ct 0st),0.333,,,,,
,,,,,,,,,,,,,,,,,,,,,,,,
playerId,format,vs Team,Span,Mat,Inns,Overs,Mdns,Runs Conceded,Wkts,BBI,Bowl Avg,Econ,SR,4w,5w,Dis,Ct,St,Ct Wk,Ct Fi,MD,D/I,,
Minnu Mani,ODI,AUS Women,2024-2024,2,2,14,0,107,2,Feb-71,53.5,7.64,42,0,0,1,1,0,0,1,1 (1ct 0st),0.5,,
Minnu Mani,ODI,IRE Women,2025-2025,1,1,6,0,22,1,Jan-22,22,3.66,36,0,0,1,1,0,0,1,1 (1ct 0st),1,,
,,,,,,,,,,,,,,,,,,,,,,,,
playerId,format,vs Team,Span,Mat,Inns,Overs,Mdns,Runs Conceded,Wkts,BBI,Bowl Avg,Econ,SR,4w,5w,Dis,Ct,St,Ct Wk,Ct Fi,MD,D/I,,
Priya Mishra,ODI,AUS Women,2024-2024,2,2,12,0,99,3,02-Nov,33,8.25,24,0,0,0,0,0,0,0,0,0,,
Priya Mishra,ODI,IRE Women,2025-2025,2,2,19,1,109,4,Feb-53,27.25,5.73,28.5,0,0,0,0,0,0,0,0,0,,
Priya Mishra,ODI,NZ Women,2024-2024,2,2,20,2,90,3,Feb-41,30,4.5,40,0,0,0,0,0,0,0,0,0,,
Priya Mishra,ODI,WI Women,2024-2024,3,3,16.4,0,101,5,Mar-49,20.2,6.06,20,0,0,0,0,0,0,0,0,0,,
,,,,,,,,,,,,,,,,,,,,,,,,
playerId,format,vs Team,Span,Mat,Inns,Overs,Mdns,Runs Conceded,Wkts,BBI,Bowl Avg,Econ,SR,4w,5w,Dis,Ct,St,Ct Wk,Ct Fi,MD,D/I,,
Priya Punia,ODI,AUS Women,2024-2024,2,,,,,,,,,0,0,0,0,0,0,0,,,,,
Priya Punia,ODI,BAN Women,2023-2023,2,,,,,,,,,1,1,0,0,1,1 (1ct 0st),0.5,,,,,
Priya Punia,ODI,SA Women,2019-2024,6,,,,,,,,,0,0,0,0,0,0,0,,,,,
Priya Punia,ODI,WI Women,2019-2019,2,,,,,,,,,0,0,0,0,0,0,0,,,,,
,,,,,,,,,,,,,,,,,,,,,,,,
playerId,format,vs Team,Span,Mat,Inns,Overs,Mdns,Runs Conceded,Wkts,BBI,Bowl Avg,Econ,SR,4w,5w,Dis,Ct,St,Ct Wk,Ct Fi,MD,D/I,,
Amanjot Kaur,ODI,AUS Women,2023-2026,6,6,39,0,269,5,Feb-68,53.8,6.89,46.8,0,0,1,1,0,0,1,1 (1ct 0st),0.166,,
Amanjot Kaur,ODI,BAN Women,2023-2025,4,4,25,2,106,5,Apr-31,21.2,4.24,30,1,0,1,1,0,0,1,1 (1ct 0st),0.25,,
Amanjot Kaur,ODI,ENG Women,2025-2025,2,2,14,0,84,1,Jan-58,84,6,84,0,0,0,0,0,0,0,0,0,,
Amanjot Kaur,ODI,SA Women,2025-2025,3,3,18.5,0,133,4,Mar-59,33.25,7.06,28.2,0,0,1,1,0,0,1,1 (1ct 0st),0.333,,
Amanjot Kaur,ODI,SL Women,2025-2025,2,2,14,0,91,4,Mar-54,22.75,6.5,21,0,0,1,1,0,0,1,1 (1ct 0st),0.5,,
,,,,,,,,,,,,,,,,,,,,,,,,
playerId,format,vs Team,Span,Mat,Inns,Overs,Mdns,Runs Conceded,Wkts,BBI,Bowl Avg,Econ,SR,4w,5w,Dis,Ct,St,Ct Wk,Ct Fi,MD,D/I,,
Radha Yadav,ODI,AUS Women,2025-2025,4,4,25,0,202,2,Jan-27,101,8.08,75,0,0,3,3,0,0,3,2 (2ct 0st),0.75,,
Radha Yadav,ODI,BAN Women,2025-2025,1,1,6,0,30,3,Mar-30,10,5,12,0,0,0,0,0,0,0,0,0,,
Radha Yadav,ODI,ENG Women,2025-2025,1,1,10,0,62,0,-,-,6.2,-,0,0,1,1,0,0,1,1 (1ct 0st),1,,
Radha Yadav,ODI,NZ Women,2024-2024,3,3,22.4,0,125,7,Apr-69,17.85,5.51,19.4,1,0,5,5,0,0,5,3 (3ct 0st),1.666,,
Radha Yadav,ODI,SA Women,2021-2025,5,5,44.4,0,243,1,Jan-32,243,5.44,268,0,0,3,3,0,0,3,2 (2ct 0st),0.6,,
,,,,,,,,,,,,,,,,,,,,,,,,
playerId,format,vs Team,Span,Mat,Inns,Overs,Mdns,Runs Conceded,Wkts,BBI,Bowl Avg,Econ,SR,4w,5w,Dis,Ct,St,Ct Wk,Ct Fi,MD,D/I,,
Saima Thakor,ODI,AUS Women,2024-2024,3,3,19,0,120,3,Mar-62,40,6.31,38,0,0,0,0,0,0,0,0,0,,
Saima Thakor,ODI,IRE Women,2025-2025,2,2,19,0,80,0,-,-,4.21,-,0,0,0,0,0,0,0,0,0,,
Saima Thakor,ODI,NZ Women,2024-2024,3,3,26.5,1,128,4,Feb-26,32,4.77,40.2,0,0,3,3,0,0,3,3 (3ct 0st),1,,
Saima Thakor,ODI,WI Women,2024-2024,2,2,6,0,41,0,-,-,6.83,-,0,0,0,0,0,0,0,0,0,,
,,,,,,,,,,,,,,,,,,,,,,,,
playerId,format,vs Team,Span,Mat,Inns,Overs,Mdns,Runs Conceded,Wkts,BBI,Bowl Avg,Econ,SR,4w,5w,Dis,Ct,St,Ct Wk,Ct Fi,MD,D/I,,
Saika Ishaque,ODI,AUS Women,2023-2023,1,1,6,0,48,0,-,-,8,-,0,0,0,0,0,0,0,0,0,,
,,,,,,,,,,,,,,,,,,,,,,,,
playerId,format,vs Team,Span,Mat,Inns,Overs,Mdns,Runs Conceded,Wkts,BBI,Bowl Avg,Econ,SR,4w,5w,Dis,Ct,St,Ct Wk,Ct Fi,MD,D/I,,
Shafali Verma,ODI,AUS Women,2021-2026,7,1,5,0,25,0,-,-,5,-,0,0,1,1,0,0,1,1 (1ct 0st),0.142,,
Shafali Verma,ODI,BAN Women,2022-2023,2,1,6,0,31,0,-,-,5.16,-,0,0,0,0,0,0,0,0,0,,
Shafali Verma,ODI,ENG Women,2021-2022,6,1,1,0,5,1,01-May,5,5,6,0,0,1,1,0,0,1,1 (1ct 0st),0.166,,
Shafali Verma,ODI,NZ Women,2022-2024,8,1,1,0,10,0,-,-,10,-,0,0,2,2,0,0,2,1 (1ct 0st),0.25,,
Shafali Verma,ODI,PAK Women,2022-2022,1,,,,,,,,,0,0,0,0,0,0,0,,,,,
Shafali Verma,ODI,SA Women,2022-2025,5,2,11,0,62,2,Feb-36,31,5.63,33,0,0,1,1,0,0,1,1 (1ct 0st),0.2,,
Shafali Verma,ODI,SL Women,2022-2022,3,1,2,0,4,0,-,-,2,-,0,0,2,2,0,0,2,1 (1ct 0st),0.666,,
,,,,,,,,,,,,,,,,,,,,,,,,
playerId,format,vs Team,Span,Mat,Inns,Overs,Mdns,Runs Conceded,Wkts,BBI,Bowl Avg,Econ,SR,4w,5w,Dis,Ct,St,Ct Wk,Ct Fi,MD,D/I,,
Richa Ghosh,ODI,AUS Women,2021-2026,18,,,,,,,,,13,10,3,10,0,2 (2ct 0st),0.722,,,,,
Richa Ghosh,ODI,BAN Women,2022-2022,1,,,,,,,,,1,1,0,1,0,1 (1ct 0st),1,,,,,
Richa Ghosh,ODI,ENG Women,2022-2025,5,,,,,,,,,4,3,1,3,0,2 (2ct 0st),0.8,,,,,
Richa Ghosh,ODI,IRE Women,2025-2025,3,,,,,,,,,2,1,1,1,0,1 (1ct 0st),0.666,,,,,
Richa Ghosh,ODI,NZ Women,2022-2025,6,,,,,,,,,6,5,1,5,0,2 (2ct 0st),1,,,,,
Richa Ghosh,ODI,PAK Women,2022-2025,2,,,,,,,,,5,4,1,4,0,5 (4ct 1st),2.5,,,,,
Richa Ghosh,ODI,SA Women,2022-2025,8,,,,,,,,,6,5,1,5,0,1 (1ct 0st),0.75,,,,,
Richa Ghosh,ODI,SL Women,2022-2025,7,,,,,,,,,4,3,1,3,0,2 (1ct 1st),0.571,,,,,
Richa Ghosh,ODI,WI Women,2022-2024,4,,,,,,,,,4,4,0,4,0,2 (2ct 0st),1,,,,,
,,,,,,,,,,,,,,,,,,,,,,,,
playerId,format,vs Team,Span,Mat,Inns,Overs,Mdns,Runs Conceded,Wkts,BBI,Bowl Avg,Econ,SR,4w,5w,Dis,Ct,St,Ct Wk,Ct Fi,MD,D/I,,
Yastika Bhatia,ODI,AUS Women,2021-2024,7,,,,,,,,,2,2,0,0,2,2 (2ct 0st),0.285,,,,,
Yastika Bhatia,ODI,BAN Women,2022-2023,4,,,,,,,,,5,2,3,1,1,3 (0ct 3st),1.25,,,,,
Yastika Bhatia,ODI,ENG Women,2022-2022,4,,,,,,,,,4,1,3,1,0,2 (0ct 2st),1,,,,,
Yastika Bhatia,ODI,NZ Women,2022-2024,8,,,,,,,,,6,5,1,2,3,2 (2ct 0st),0.75,,,,,
Yastika Bhatia,ODI,SA Women,2022-2022,1,,,,,,,,,0,0,0,0,0,0,0,,,,,
Yastika Bhatia,ODI,SL Women,2022-2022,3,,,,,,,,,7,4,3,4,0,3 (3ct 0st),2.333,,,,,
Yastika Bhatia,ODI,WI Women,2022-2022,1,,,,,,,,,0,0,0,0,0,0,0,,,,,
,,,,,,,,,,,,,,,,,,,,,,,,
playerId,format,vs Team,Span,Mat,Inns,Overs,Mdns,Runs Conceded,Wkts,BBI,Bowl Avg,Econ,SR,4w,5w,Dis,Ct,St,Ct Wk,Ct Fi,MD,D/I,,
Pooja Vastrakar,ODI,AUS Women,2018-2024,10,10,72,1,428,9,Mar-46,47.55,5.94,48,0,0,3,3,0,0,3,1 (1ct 0st),0.3,,
Pooja Vastrakar,ODI,BAN Women,2022-2023,2,2,15,0,63,2,Feb-26,31.5,4.2,45,0,0,0,0,0,0,0,0,0,,
Pooja Vastrakar,ODI,ENG Women,2018-2022,7,6,27,1,148,1,Jan-22,148,5.48,162,0,0,0,0,0,0,0,0,0,,
Pooja Vastrakar,ODI,NZ Women,2022-2022,4,4,27,0,146,6,Apr-34,24.33,5.4,27,1,0,0,0,0,0,0,0,0,,
Pooja Vastrakar,ODI,PAK Women,2022-2022,1,,,,,,,,,0,0,0,0,0,0,0,,,,,
Pooja Vastrakar,ODI,SA Women,2018-2024,5,5,34,3,195,4,Feb-54,48.75,5.73,51,0,0,1,1,0,0,1,1 (1ct 0st),0.2,,
Pooja Vastrakar,ODI,SL Women,2022-2022,3,3,16,0,74,4,Feb-26,18.5,4.62,24,0,0,2,2,0,0,2,1 (1ct 0st),0.666,,
Pooja Vastrakar,ODI,WI Women,2022-2022,1,1,2,0,21,1,Jan-21,21,10.5,12,0,0,0,0,0,0,0,0,0,,
,,,,,,,,,,,,,,,,,,,,,,,,
playerId,format,vs Team,Span,Mat,Inns,Overs,Mdns,Runs Conceded,Wkts,BBI,Bowl Avg,Econ,SR,4w,5w,Dis,Ct,St,Ct Wk,Ct Fi,MD,D/I,,
Sneh Rana,ODI,AUS Women,2016-2026,12,12,109.3,3,677,9,Feb-66,75.22,6.18,73,0,0,6,6,0,0,6,2 (2ct 0st),0.5,,
Sneh Rana,ODI,BAN Women,2022-2023,4,4,34,5,112,7,Apr-30,16,3.29,29.1,1,0,2,2,0,0,2,2 (2ct 0st),0.5,,
Sneh Rana,ODI,ENG Women,2021-2025,8,8,59,2,294,6,Feb-31,49,4.98,59,0,0,1,1,0,0,1,1 (1ct 0st),0.125,,
Sneh Rana,ODI,NZ Women,2015-2025,7,7,49,1,271,7,Mar-26,38.71,5.53,42,0,0,3,3,0,0,3,1 (1ct 0st),0.428,,
Sneh Rana,ODI,PAK Women,2022-2025,2,2,17,0,65,4,Feb-27,16.25,3.82,25.5,0,0,1,1,0,0,1,1 (1ct 0st),0.5,,
Sneh Rana,ODI,SA Women,2022-2025,4,4,37,1,197,7,May-43,28.14,5.32,31.7,0,1,1,1,0,0,1,1 (1ct 0st),0.25,,
Sneh Rana,ODI,SL Women,2014-2025,7,7,60.2,9,209,16,Apr-38,13.06,3.46,22.6,1,0,5,5,0,0,5,2 (2ct 0st),0.714,,
Sneh Rana,ODI,WI Women,2022-2022,1,1,9.3,1,22,3,Mar-22,7.33,2.31,19,0,0,1,1,0,0,1,1 (1ct 0st),1,,
,,,,,,,,,,,,,,,,,,,,,,,,
playerId,format,vs Team,Span,Mat,Inns,Overs,Mdns,Runs Conceded,Wkts,BBI,Bowl Avg,Econ,SR,4w,5w,Dis,Ct,St,Ct Wk,Ct Fi,MD,D/I,,
Rajeshwari Gayakwad,ODI,AUS Women,2016-2022,8,8,70.4,3,352,6,Feb-41,58.66,4.98,70.6,0,0,2,2,0,0,2,1 (1ct 0st),0.25,,
Rajeshwari Gayakwad,ODI,BAN Women,2017-2022,2,2,17,5,49,2,Jan-15,24.5,2.88,51,0,0,1,1,0,0,1,1 (1ct 0st),0.5,,
Rajeshwari Gayakwad,ODI,ENG Women,2014-2022,9,9,80,4,339,12,Apr-42,28.25,4.23,40,1,0,0,0,0,0,0,0,0,,
Rajeshwari Gayakwad,ODI,IRE Women,2017-2017,1,1,8,1,18,4,Apr-18,4.5,2.25,12,1,0,0,0,0,0,0,0,0,,
Rajeshwari Gayakwad,ODI,NZ Women,2015-2022,11,11,94,9,354,21,May-15,16.85,3.76,26.8,0,1,3,3,0,0,3,1 (1ct 0st),0.272,,
Rajeshwari Gayakwad,ODI,PAK Women,2022-2022,1,1,10,0,31,4,Apr-31,7.75,3.1,15,1,0,0,0,0,0,0,0,0,,
Rajeshwari Gayakwad,ODI,SA Women,2014-2022,14,14,121.3,12,450,20,Mar-13,22.5,3.7,36.4,0,0,2,2,0,0,2,1 (1ct 0st),0.142,,
Rajeshwari Gayakwad,ODI,SL Women,2014-2022,12,12,105.4,18,290,17,Mar-36,17.05,2.74,37.2,0,0,3,3,0,0,3,1 (1ct 0st),0.25,,
Rajeshwari Gayakwad,ODI,WI Women,2016-2022,6,6,59.4,12,176,13,Apr-21,13.53,2.94,27.5,2,0,2,2,0,0,2,1 (1ct 0st),0.333,,
,,,,,,,,,,,,,,,,,,,,,,,,
playerId,format,vs Team,Span,Mat,Inns,Overs,Mdns,Runs Conceded,Wkts,BBI,Bowl Avg,Econ,SR,4w,5w,Dis,Ct,St,Ct Wk,Ct Fi,MD,D/I,,
Meghna Singh,ODI,AUS Women,2021-2022,4,4,31,2,170,2,Jan-38,85,5.48,93,0,0,0,0,0,0,0,0,0,,
Meghna Singh,ODI,BAN Women,2023-2023,2,2,13,2,55,1,Jan-27,55,4.23,78,0,0,0,0,0,0,0,0,0,,
Meghna Singh,ODI,ENG Women,2022-2022,2,2,15.2,3,68,4,Mar-26,17,4.43,23,0,0,0,0,0,0,0,0,0,,
Meghna Singh,ODI,NZ Women,2022-2022,3,3,17,0,116,2,Jan-22,58,6.82,51,0,0,0,0,0,0,0,0,0,,
Meghna Singh,ODI,PAK Women,2022-2022,1,1,7,3,21,1,Jan-21,21,3,42,0,0,0,0,0,0,0,0,0,,
Meghna Singh,ODI,SA Women,2022-2022,1,1,6,0,37,0,-,-,6.16,-,0,0,0,0,0,0,0,0,0,,
Meghna Singh,ODI,SL Women,2022-2022,3,3,25,0,98,4,Feb-32,24.5,3.92,37.5,0,0,0,0,0,0,0,0,0,,
Meghna Singh,ODI,WI Women,2022-2022,1,1,6,0,27,2,Feb-27,13.5,4.5,18,0,0,1,1,0,0,1,1 (1ct 0st),1,,
,,,,,,,,,,,,,,,,,,,,,,,,
playerId,format,vs Team,Span,Mat,Inns,Overs,Mdns,Runs Conceded,Wkts,BBI,Bowl Avg,Econ,SR,4w,5w,Dis,Ct,St,Ct Wk,Ct Fi,MD,D/I,,
Pratika Rawal,ODI,AUS Women,2025-2026,7,,,,,,,,,0,0,0,0,0,0,0,0,0,,,
Pratika Rawal,ODI,BAN Women,2025-2025,1,,,,,,,,,0,0,0,0,0,0,0,0,0,,,
Pratika Rawal,ODI,ENG Women,2025-2025,4,2,2,0,16,0,-,-,8,-,0,0,0,0,0,0,0,0,0,,
Pratika Rawal,ODI,IRE Women,2025-2025,3,2,4,0,26,0,-,-,6.5,-,0,0,0,0,0,0,0,0,0,,
Pratika Rawal,ODI,NZ Women,2025-2025,1,1,4,0,19,1,Jan-19,19,4.75,24,0,0,1,1,0,0,1,1 (1ct 0st),1,,
Pratika Rawal,ODI,PAK Women,2025-2025,1,,,,,,,,,0,0,0,0,0,0,0,0,0,,,
Pratika Rawal,ODI,SA Women,2025-2025,3,2,6,0,32,1,Jan-15,32,5.33,36,0,0,0,0,0,0,0,0,0,,
Pratika Rawal,ODI,SL Women,2025-2025,4,4,13.5,0,58,2,01-Jun,29,4.19,41.5,0,0,1,1,0,0,1,1 (1ct 0st),0.25,,
Pratika Rawal,ODI,WI Women,2024-2024,3,1,5,0,37,2,Feb-37,18.5,7.4,15,0,0,3,3,0,0,3,2 (2ct 0st),1,,
,,,,,,,,,,,,,,,,,,,,,,,,
playerId,format,vs Team,Span,Mat,Inns,Overs,Mdns,Runs Conceded,Wkts,BBI,Bowl Avg,Econ,SR,4w,5w,Dis,Ct,St,Ct Wk,Ct Fi,MD,D/I,,
Kashvee Gautam,ODI,AUS Women,2026-2026,3,3,24,0,162,3,Feb-47,54,6.75,48,0,0,1,1,0,0,1,1 (1ct 0st),0.333,,
Kashvee Gautam,ODI,SA Women,2025-2025,1,1,7.2,0,47,0,-,-,6.4,-,0,0,0,0,0,0,0,0,0,,
Kashvee Gautam,ODI,SL Women,2025-2025,2,2,13,1,51,0,-,-,3.92,-,0,0,0,0,0,0,0,0,0,,
,,,,,,,,,,,,,,,,,,,,,,,,
playerId,format,vs Team,Span,Mat,Inns,Overs,Mdns,Runs Conceded,Wkts,BBI,Bowl Avg,Econ,SR,4w,5w,Dis,Ct,St,Ct Wk,Ct Fi,MD,D/I,,
Kranti Gaud,ODI,AUS Women,2025-2026,7,7,52.5,2,356,8,Mar-28,44.5,6.73,39.6,0,0,2,2,0,0,2,1 (1ct 0st),0.285,,
Kranti Gaud,ODI,ENG Women,2025-2025,4,4,29.5,1,182,9,Jun-52,20.22,6.1,19.8,0,1,0,0,0,0,0,0,0,,
Kranti Gaud,ODI,NZ Women,2025-2025,1,1,9,0,48,2,Feb-48,24,5.33,27,0,0,1,1,0,0,1,1 (1ct 0st),1,,
Kranti Gaud,ODI,PAK Women,2025-2025,1,1,10,3,20,3,Mar-20,6.66,2,20,0,0,1,1,0,0,1,1 (1ct 0st),1,,
Kranti Gaud,ODI,SA Women,2025-2025,2,2,12,0,75,2,Feb-59,37.5,6.25,36,0,0,1,1,0,0,1,1 (1ct 0st),0.5,,
Kranti Gaud,ODI,SL Women,2025-2025,2,2,14,0,63,1,Jan-41,63,4.5,84,0,0,0,0,0,0,0,0,0,,
,,,,,,,,,,,,,,,,,,,,,,,,
playerId,format,vs Team,Span,Mat,Inns,Overs,Mdns,Runs Conceded,Wkts,BBI,Bowl Avg,Econ,SR,4w,5w,Dis,Ct,St,Ct Wk,Ct Fi,MD,D/I,,
Sayali Satghare,ODI,IRE Women,2025-2025,3,3,23,3,107,3,Jan-24,35.66,4.65,46,0,0,2,2,0,0,2,1 (1ct 0st),0.666,,
,,,,,,,,,,,,,,,,,,,,,,,,
playerId,format,vs Team,Span,Mat,Inns,Overs,Mdns,Runs Conceded,Wkts,BBI,Bowl Avg,Econ,SR,4w,5w,Dis,Ct,St,Ct Wk,Ct Fi,MD,D/I,,
Renuka Singh,ODI,AUS Women,2023-2026,11,11,87.3,3,540,9,Mar-45,60,6.17,58.3,0,0,0,0,0,0,0,0,0,,
Renuka Singh,ODI,BAN Women,2025-2025,1,1,5,0,23,1,Jan-23,23,4.6,30,0,0,0,0,0,0,0,0,0,,
Renuka Singh,ODI,ENG Women,2022-2025,3,3,28,1,123,8,Apr-29,15.37,4.39,21,2,0,0,0,0,0,0,0,0,,
Renuka Singh,ODI,NZ Women,2022-2025,5,5,37,1,196,6,Feb-25,32.66,5.29,37,0,0,1,1,0,0,1,1 (1ct 0st),0.2,,
Renuka Singh,ODI,PAK Women,2025-2025,1,1,10,1,29,0,-,-,2.9,-,0,0,0,0,0,0,0,0,0,,
Renuka Singh,ODI,SA Women,2024-2025,2,2,15,0,58,1,Jan-30,58,3.86,90,0,0,0,0,0,0,0,0,0,,
Renuka Singh,ODI,SL Women,2022-2022,3,3,24,1,90,7,Apr-28,12.85,3.75,20.5,1,0,0,0,0,0,0,0,0,,
Renuka Singh,ODI,WI Women,2024-2024,3,3,28.5,3,99,10,May-29,9.9,3.43,17.3,1,1,1,1,0,0,1,1 (1ct 0st),0.333,,
,,,,,,,,,,,,,,,,,,,,,,,,
playerId,format,vs Team,Span,Mat,Inns,Overs,Mdns,Runs Conceded,Wkts,BBI,Bowl Avg,Econ,SR,4w,5w,Dis,Ct,St,Ct Wk,Ct Fi,MD,D/I,,
Shreyanka Patil,ODI,AUS Women,2023-2024,2,2,20,0,100,4,Mar-57,25,5,30,0,0,1,1,0,0,1,1 (1ct 0st),0.5,,
Shreyanka Patil,ODI,SA Women,2024-2024,1,1,10,0,35,1,Jan-35,35,3.5,60,0,0,1,1,0,0,1,1 (1ct 0st),1,,
,,,,,,,,,,,,,,,,,,,,,,,,
playerId,format,vs Team,Span,Mat,Inns,Overs,Mdns,Runs Conceded,Wkts,BBI,Bowl Avg,Econ,SR,4w,5w,Dis,Ct,St,Ct Wk,Ct Fi,MD,D/I,,
Shreyanka Patil,T20I,AUS Women,2024-2026,6,6,21.2,0,167,7,Mar-22,23.85,7.82,18.2,0,0,1,1,0,0,1,1 (1ct 0st),0.166,,
Shreyanka Patil,T20I,BAN Women,2024-2024,3,3,12,0,72,4,Feb-24,18,6,18,0,0,0,0,0,0,0,0,0,,
Shreyanka Patil,T20I,ENG Women,2023-2023,3,3,8.2,0,69,5,Mar-19,13.8,8.28,10,0,0,2,2,0,0,2,2 (2ct 0st),0.666,,
Shreyanka Patil,T20I,NZ Women,2024-2024,1,1,3,0,25,0,-,-,8.33,-,0,0,1,1,0,0,1,1 (1ct 0st),1,,
Shreyanka Patil,T20I,PAK Women,2024-2024,2,2,7.2,1,26,4,02-Dec,6.5,3.54,11,0,0,0,0,0,0,0,0,0,,
Shreyanka Patil,T20I,SA Women,2024-2024,2,2,7,0,56,2,Jan-19,28,8,21,0,0,0,0,0,0,0,0,0,,
Shreyanka Patil,T20I,SL Women,2024-2024,1,1,4,0,15,1,Jan-15,15,3.75,24,0,0,0,0,0,0,0,0,0,,
,,,,,,,,,,,,,,,,,,,,,,,,
playerId,format,vs Team,Span,Mat,Inns,Overs,Mdns,Runs Conceded,Wkts,BBI,Bowl Avg,Econ,SR,4w,5w,Dis,Ct,St,Ct Wk,Ct Fi,MD,D/I,,
Sajeevan Sajana,T20I,BAN Women,2024-2024,5,1,2,0,12,0,-,-,6,-,0,0,1,1,0,0,1,1 (1ct 0st),0.2,,
Sajeevan Sajana,T20I,Nepal Women,2024-2024,1,1,1,0,11,0,-,-,11,-,0,0,0,0,0,0,0,0,0,,
Sajeevan Sajana,T20I,PAK Women,2024-2024,1,,,,,,,,,0,0,0,0,0,0,0,0,0,,,
Sajeevan Sajana,T20I,SA Women,2024-2024,3,2,2,0,24,0,-,-,12,-,0,0,3,3,0,0,3,2 (2ct 0st),1,,
Sajeevan Sajana,T20I,SL Women,2024-2024,1,,,,,,,,,0,0,0,0,0,0,0,0,0,,,
Sajeevan Sajana,T20I,WI Women,2024-2024,3,2,4.4,0,33,1,Jan-16,33,7.07,28,0,0,2,2,0,0,2,2 (2ct 0st),0.666,,
,,,,,,,,,,,,,,,,,,,,,,,,
playerId,format,vs Team,Span,Mat,Inns,Overs,Mdns,Runs Conceded,Wkts,BBI,Bowl Avg,Econ,SR,4w,5w,Dis,Ct,St,Ct Wk,Ct Fi,MD,D/I,,
Renuka Singh,T20I,AUS Women,2021-2026,18,17,67,3,479,16,Apr-18,29.93,7.14,25.1,1,0,3,3,0,0,3,1 (1ct 0st),0.176,,
Renuka Singh,T20I,BAN Women,2022-2024,5,5,19,1,115,8,03-Oct,14.37,6.05,14.2,0,0,1,1,0,0,1,1 (1ct 0st),0.2,,
Renuka Singh,T20I,Barbados Wmn,2022-2022,1,1,4,0,10,4,04-Oct,2.5,2.5,6,1,0,0,0,0,0,0,0,0,,
Renuka Singh,T20I,ENG Women,2022-2023,8,8,31,0,208,13,May-15,16,6.7,14.3,0,1,0,0,0,0,0,0,0,,
Renuka Singh,T20I,IRE Women,2023-2023,1,1,2,0,10,1,01-Oct,10,5,12,0,0,0,0,0,0,0,0,0,,
Renuka Singh,T20I,Nepal Women,2024-2024,1,1,4,1,15,1,Jan-15,15,3.75,24,0,0,0,0,0,0,0,0,0,,
Renuka Singh,T20I,NZ Women,2024-2024,1,1,4,0,27,2,Feb-27,13.5,6.75,12,0,0,0,0,0,0,0,0,0,,
Renuka Singh,T20I,PAK Women,2022-2024,5,5,19,1,105,5,Feb-14,21,5.52,22.8,0,0,0,0,0,0,0,0,0,,
Renuka Singh,T20I,SA Women,2023-2024,2,2,7,0,58,1,Jan-16,58,8.28,42,0,0,1,1,0,0,1,1 (1ct 0st),0.5,,
Renuka Singh,T20I,SL Women,2022-2025,9,9,31,2,195,11,Apr-21,17.72,6.29,16.9,1,0,4,4,0,0,4,2 (2ct 0st),0.444,,
Renuka Singh,T20I,THA Women,2022-2022,1,1,2,0,6,1,01-Jun,6,3,12,0,0,0,0,0,0,0,0,0,,
Renuka Singh,T20I,UAE Women,2022-2024,2,2,8,0,42,1,Jan-30,42,5.25,48,0,0,0,0,0,0,0,0,0,,
Renuka Singh,T20I,WI Women,2023-2024,5,5,18,0,114,2,Jan-16,57,6.33,54,0,0,0,0,0,0,0,0,0,,
,,,,,,,,,,,,,,,,,,,,,,,,
playerId,format,vs Team,Span,Mat,Inns,Overs,Mdns,Runs Conceded,Wkts,BBI,Bowl Avg,Econ,SR,4w,5w,Dis,Ct,St,Ct Wk,Ct Fi,MD,D/I,,
Kranti Gaud,T20I,AUS Women,2026-2026,2,2,6,0,63,1,Jan-39,63,10.5,36,0,0,0,0,0,0,0,0,0,,
Kranti Gaud,T20I,ENG Women,2025-2025,1,1,3,0,26,0,-,-,8.66,-,0,0,0,0,0,0,0,0,0,,
Kranti Gaud,T20I,SL Women,2025-2025,3,3,10,0,66,2,Jan-21,33,6.6,30,0,0,2,2,0,0,2,1 (1ct 0st),0.666,,
,,,,,,,,,,,,,,,,,,,,,,,,
playerId,format,vs Team,Span,Mat,Inns,Overs,Mdns,Runs Conceded,Wkts,BBI,Bowl Avg,Econ,SR,4w,5w,Dis,Ct,St,Ct Wk,Ct Fi,MD,D/I,,
Meghna Singh,T20I,AUS Women,2022-2022,4,4,9,0,90,1,Jan-38,90,10,54,0,0,2,2,0,0,2,2 (2ct 0st),0.5,,
Meghna Singh,T20I,Barbados Wmn,2022-2022,1,1,3,0,12,1,01-Dec,12,4,18,0,0,0,0,0,0,0,0,0,,
Meghna Singh,T20I,ENG Women,2022-2022,1,1,2,0,22,0,-,-,11,-,0,0,0,0,0,0,0,0,0,,
Meghna Singh,T20I,MAS Women,2022-2022,1,1,0.2,0,0,0,-,-,0,-,0,0,0,0,0,0,0,0,0,,
Meghna Singh,T20I,PAK Women,2022-2022,1,1,2,0,21,1,Jan-21,21,10.5,12,0,0,0,0,0,0,0,0,0,,
Meghna Singh,T20I,THA Women,2022-2022,1,1,2.1,1,6,1,01-Jun,6,2.76,13,0,0,0,0,0,0,0,0,0,,
,,,,,,,,,,,,,,,,,,,,,,,,
playerId,format,vs Team,Span,Mat,Inns,Overs,Mdns,Runs Conceded,Wkts,BBI,Bowl Avg,Econ,SR,4w,5w,Dis,Ct,St,Ct Wk,Ct Fi,MD,D/I,,
Rajeshwari Gayakwad,T20I,AUS Women,2016-2022,13,12,44,0,349,15,Mar-21,23.26,7.93,17.6,0,0,3,3,0,0,3,1 (1ct 0st),0.25,,
Rajeshwari Gayakwad,T20I,BAN Women,2016-2023,5,5,18.5,0,107,3,01-Aug,35.66,5.68,37.6,0,0,0,0,0,0,0,0,0,,
Rajeshwari Gayakwad,T20I,ENG Women,2016-2023,4,4,13,1,64,5,Mar-23,12.8,4.92,15.6,0,0,2,2,0,0,2,2 (2ct 0st),0.5,,
Rajeshwari Gayakwad,T20I,IRE Women,2023-2023,1,1,1,0,5,0,-,-,5,-,0,0,0,0,0,0,0,0,0,,
Rajeshwari Gayakwad,T20I,MAS Women,2018-2023,3,2,4,2,8,1,01-Jun,8,2,24,0,0,0,0,0,0,0,0,0,,
Rajeshwari Gayakwad,T20I,NZ Women,2015-2022,5,5,20,0,132,7,Mar-17,18.85,6.6,17.1,0,0,0,0,0,0,0,0,0,,
Rajeshwari Gayakwad,T20I,PAK Women,2016-2023,3,3,10,0,67,1,01-Nov,67,6.7,60,0,0,1,1,0,0,1,1 (1ct 0st),0.333,,
Rajeshwari Gayakwad,T20I,SA Women,2018-2023,9,8,28,1,170,10,03-Sep,17,6.07,16.8,0,0,0,0,0,0,0,0,0,,
Rajeshwari Gayakwad,T20I,SL Women,2014-2023,8,8,25.5,1,147,11,Mar-24,13.36,5.69,14,0,0,3,3,0,0,3,1 (1ct 0st),0.375,,
Rajeshwari Gayakwad,T20I,THA Women,2022-2022,2,2,7,0,18,4,02-Aug,4.5,2.57,10.5,0,0,1,1,0,0,1,1 (1ct 0st),0.5,,
Rajeshwari Gayakwad,T20I,UAE Women,2022-2022,1,1,3,0,20,2,Feb-20,10,6.66,9,0,0,0,0,0,0,0,0,0,,
Rajeshwari Gayakwad,T20I,WI Women,2016-2023,4,4,15,1,80,2,01-Sep,40,5.33,45,0,0,0,0,0,0,0,0,0,,
,,,,,,,,,,,,,,,,,,,,,,,,
playerId,format,vs Team,Span,Mat,Inns,Overs,Mdns,Runs Conceded,Wkts,BBI,Bowl Avg,Econ,SR,4w,5w,Dis,Ct,St,Ct Wk,Ct Fi,MD,D/I,,
Sneh Rana,T20I,AUS Women,2022-2023,2,2,8,0,71,2,Feb-38,35.5,8.87,24,0,0,0,0,0,0,0,0,0,,
Sneh Rana,T20I,BAN Women,2022-2022,1,1,3,0,17,1,Jan-17,17,5.66,18,0,0,2,2,0,0,2,2 (2ct 0st),2,,
Sneh Rana,T20I,Barbados Wmn,2022-2022,1,1,2,0,6,1,01-Jun,6,3,12,0,0,0,0,0,0,0,0,0,,
Sneh Rana,T20I,ENG Women,2021-2025,11,11,31,0,241,8,Mar-24,30.12,7.77,23.2,0,0,2,2,0,0,2,1 (1ct 0st),0.181,,
Sneh Rana,T20I,NZ Women,2015-2022,2,2,3,0,44,0,-,-,14.66,-,0,0,2,2,0,0,2,1 (1ct 0st),1,,
Sneh Rana,T20I,PAK Women,2022-2022,1,1,4,0,15,2,Feb-15,7.5,3.75,12,0,0,1,1,0,0,1,1 (1ct 0st),1,,
Sneh Rana,T20I,SA Women,2014-2023,3,3,11,0,54,3,Feb-21,18,4.9,22,0,0,2,2,0,0,2,1 (1ct 0st),0.666,,
Sneh Rana,T20I,SL Women,2014-2025,7,7,26,1,148,5,Feb-13,29.6,5.69,31.2,0,0,2,2,0,0,2,1 (1ct 0st),0.285,,
Sneh Rana,T20I,THA Women,2022-2022,2,2,8,0,25,4,03-Sep,6.25,3.12,12,0,0,1,1,0,0,1,1 (1ct 0st),0.5,,
Sneh Rana,T20I,UAE Women,2022-2022,1,1,3,0,7,0,-,-,2.33,-,0,0,0,0,0,0,0,0,0,,
,,,,,,,,,,,,,,,,,,,,,,,,
playerId,format,vs Team,Span,Mat,Inns,Overs,Mdns,Runs Conceded,Wkts,BBI,Bowl Avg,Econ,SR,4w,5w,Dis,Ct,St,Ct Wk,Ct Fi,MD,D/I,,
Pooja Vastrakar,T20I,AUS Women,2018-2024,9,8,21.5,0,169,7,Feb-26,24.14,7.74,18.7,0,0,2,2,0,0,2,1 (1ct 0st),0.25,,
Pooja Vastrakar,T20I,BAN Women,2018-2024,12,11,36,1,221,12,Apr-17,18.41,6.13,18,1,0,2,2,0,0,2,1 (1ct 0st),0.166,,
Pooja Vastrakar,T20I,Barbados Wmn,2022-2022,1,1,2,0,7,0,-,-,3.5,-,0,0,0,0,0,0,0,0,0,,
Pooja Vastrakar,T20I,ENG Women,2018-2023,10,10,25,0,226,3,01-Jul,75.33,9.04,50,0,0,1,1,0,0,1,1 (1ct 0st),0.1,,
Pooja Vastrakar,T20I,IRE Women,2023-2023,1,1,2.2,0,14,0,-,-,6,-,0,0,0,0,0,0,0,0,0,,
Pooja Vastrakar,T20I,MAS Women,2018-2023,2,2,3.2,0,7,3,03-Jun,2.33,2.1,6.6,0,0,0,0,0,0,0,0,0,,
Pooja Vastrakar,T20I,NZ Women,2022-2024,2,2,5,1,25,2,Feb-16,12.5,5,15,0,0,1,1,0,0,1,1 (1ct 0st),0.5,,
Pooja Vastrakar,T20I,PAK Women,2022-2024,3,3,12,0,84,5,Feb-23,16.8,7,14.4,0,0,0,0,0,0,0,0,0,,
Pooja Vastrakar,T20I,SA Women,2018-2024,13,12,35.1,2,230,12,Apr-13,19.16,6.54,17.5,1,0,0,0,0,0,0,0,0,,
Pooja Vastrakar,T20I,SL Women,2022-2024,7,6,19.4,2,101,5,02-Dec,20.2,5.13,23.6,0,0,1,1,0,0,1,1 (1ct 0st),0.142,,
Pooja Vastrakar,T20I,THA Women,2018-2022,3,2,4,0,9,1,01-May,9,2.25,24,0,0,2,2,0,0,2,1 (1ct 0st),0.666,,
Pooja Vastrakar,T20I,UAE Women,2022-2024,2,2,8,1,42,1,Jan-27,42,5.25,48,0,0,1,1,0,0,1,1 (1ct 0st),0.5,,
Pooja Vastrakar,T20I,WI Women,2019-2023,7,6,20,2,107,7,Feb-19,15.28,5.35,17.1,0,0,3,3,0,0,3,1 (1ct 0st),0.428,,
,,,,,,,,,,,,,,,,,,,,,,,,
playerId,format,vs Team,Span,Mat,Inns,Overs,Mdns,Runs Conceded,Wkts,BBI,Bowl Avg,Econ,SR,4w,5w,Dis,Ct,St,Ct Wk,Ct Fi,MD,D/I,,
Yastika Bhatia,T20I,AUS Women,2021-2023,5,4,-,-,-,-,-,-,-,-,0,0,0,0,0,0,0,0,0,,
Yastika Bhatia,T20I,BAN Women,2023-2024,4,4,-,-,-,-,-,-,-,-,0,0,5,1,4,1,0,2 (1ct 1st),1.25,,
Yastika Bhatia,T20I,NZ Women,2022-2022,1,1,-,-,-,-,-,-,-,-,0,0,0,0,0,0,0,0,0,,
Yastika Bhatia,T20I,PAK Women,2022-2023,2,2,-,-,-,-,-,-,-,-,0,0,2,1,1,1,0,2 (1ct 1st),1,,
Yastika Bhatia,T20I,SA Women,2023-2023,3,2,-,-,-,-,-,-,-,-,0,0,2,1,1,1,0,1 (1ct 0st),1,,
Yastika Bhatia,T20I,SL Women,2022-2022,2,2,-,-,-,-,-,-,-,-,0,0,1,1,0,1,0,1 (1ct 0st),0.5,,
Yastika Bhatia,T20I,WI Women,2023-2023,2,2,-,-,-,-,-,-,-,-,0,0,3,1,2,1,0,2 (1ct 1st),1.5,,
,,,,,,,,,,,,,,,,,,,,,,,,
playerId,format,vs Team,Span,Mat,Inns,Overs,Mdns,Runs Conceded,Wkts,BBI,Bowl Avg,Econ,SR,4w,5w,Dis,Ct,St,Ct Wk,Ct Fi,MD,D/I,,
Richa Ghosh,T20I,AUS Women,2020-2026,18,17,-,-,-,-,-,-,-,-,0,0,16,7,9,7,0,3 (2ct 1st),0.941,,
Richa Ghosh,T20I,BAN Women,2020-2024,9,9,-,-,-,-,-,-,-,-,0,0,11,6,5,5,1,2 (2ct 0st),1.222,,
Richa Ghosh,T20I,ENG Women,2021-2025,15,15,-,-,-,-,-,-,-,-,0,0,16,9,7,9,0,4 (3ct 1st),1.066,,
Richa Ghosh,T20I,IRE Women,2023-2023,1,1,-,-,-,-,-,-,-,-,0,0,0,0,0,0,0,0,0,,
Richa Ghosh,T20I,MAS Women,2022-2023,2,2,-,-,-,-,-,-,-,-,0,0,0,0,0,0,0,0,0,,
Richa Ghosh,T20I,Nepal Women,2024-2024,1,1,-,-,-,-,-,-,-,-,0,0,1,1,0,1,0,1 (1ct 0st),1,,
Richa Ghosh,T20I,NZ Women,2022-2024,2,2,-,-,-,-,-,-,-,-,0,0,0,0,0,0,0,0,0,,
Richa Ghosh,T20I,PAK Women,2022-2024,4,4,-,-,-,-,-,-,-,-,0,0,8,5,3,5,0,3 (2ct 1st),2,,
Richa Ghosh,T20I,SA Women,2021-2024,4,4,-,-,-,-,-,-,-,-,0,0,1,1,0,1,0,1 (1ct 0st),0.25,,
Richa Ghosh,T20I,SL Women,2022-2025,11,11,-,-,-,-,-,-,-,-,0,0,9,4,5,4,0,3 (2ct 1st),0.818,,
Richa Ghosh,T20I,THA Women,2022-2022,2,2,-,-,-,-,-,-,-,-,0,0,2,1,1,1,0,2 (1ct 1st),1,,
Richa Ghosh,T20I,UAE Women,2022-2024,2,2,-,-,-,-,-,-,-,-,0,0,1,0,1,0,0,1 (0ct 1st),0.5,,
Richa Ghosh,T20I,WI Women,2023-2024,4,4,-,-,-,-,-,-,-,-,0,0,3,3,0,3,0,1 (1ct 0st),0.75,,
,,,,,,,,,,,,,,,,,,,,,,,,
playerId,format,vs Team,Span,Mat,Inns,Overs,Mdns,Runs Conceded,Wkts,BBI,Bowl Avg,Econ,SR,4w,5w,Dis,Ct,St,Ct Wk,Ct Fi,MD,D/I,,
Shafali Verma,T20I,AUS Women,2020-2026,23,3,5,0,41,1,Jan-17,41,8.2,30,0,0,6,6,0,0,6,1 (1ct 0st),0.272,,
Shafali Verma,T20I,BAN Women,2020-2024,12,4,11,0,47,6,Mar-15,7.83,4.27,11,0,0,8,8,0,0,8,2 (2ct 0st),0.666,,
Shafali Verma,T20I,Barbados Wmn,2022-2022,1,1,1,0,3,0,-,-,3,-,0,0,1,1,0,0,1,1 (1ct 0st),1,,
Shafali Verma,T20I,ENG Women,2020-2025,18,4,5,0,54,0,-,-,10.8,-,0,0,1,1,0,0,1,1 (1ct 0st),0.055,,
Shafali Verma,T20I,IRE Women,2023-2023,1,0,-,-,-,-,-,-,-,-,0,0,0,0,0,0,0,0,0,,
Shafali Verma,T20I,MAS Women,2022-2023,2,0,-,-,-,-,-,-,-,-,0,0,0,0,0,0,0,0,0,,
Shafali Verma,T20I,Nepal Women,2024-2024,1,0,-,-,-,-,-,-,-,-,0,0,1,1,0,0,1,1 (1ct 0st),1,,
Shafali Verma,T20I,NZ Women,2020-2024,3,0,-,-,-,-,-,-,-,-,0,0,2,2,0,0,2,2 (2ct 0st),0.666,,
Shafali Verma,T20I,PAK Women,2022-2024,4,2,3,0,11,1,01-Aug,11,3.66,18,0,0,3,3,0,0,3,2 (2ct 0st),0.75,,
Shafali Verma,T20I,SA Women,2019-2024,10,0,-,-,-,-,-,-,-,-,0,0,3,3,0,0,3,1 (1ct 0st),0.3,,
Shafali Verma,T20I,SL Women,2020-2025,14,3,5,0,30,1,01-Oct,30,6,30,0,0,3,3,0,0,3,1 (1ct 0st),0.214,,
Shafali Verma,T20I,THA Women,2022-2022,2,1,2,0,9,1,01-Sep,9,4.5,12,0,0,1,1,0,0,1,1 (1ct 0st),0.5,,
Shafali Verma,T20I,UAE Women,2024-2024,1,0,-,-,-,-,-,-,-,-,0,0,1,1,0,0,1,1 (1ct 0st),1,,
Shafali Verma,T20I,WI Women,2019-2023,6,1,1,0,5,0,-,-,5,-,0,0,0,0,0,0,0,0,0,,
,,,,,,,,,,,,,,,,,,,,,,,,
playerId,format,vs Team,Span,Mat,Inns,Overs,Mdns,Runs Conceded,Wkts,BBI,Bowl Avg,Econ,SR,4w,5w,Dis,Ct,St,Ct Wk,Ct Fi,MD,D/I,,
Harmanpreet Kaur,T20I,AUS Women,2010-2026,37,12,20.2,0,154,3,01-Feb,51.33,7.57,40.6,0,0,12,12,0,0,12,4 (4ct 0st),0.333,,
Harmanpreet Kaur,T20I,BAN Women,2013-2024,21,6,12,0,77,2,Feb-19,38.5,6.41,36,0,0,6,6,0,0,6,1 (1ct 0st),0.285,,
Harmanpreet Kaur,T20I,Barbados Wmn,2022-2022,1,1,3,0,7,1,01-Jul,7,2.33,18,0,0,1,1,0,0,1,1 (1ct 0st),1,,
Harmanpreet Kaur,T20I,ENG Women,2009-2025,30,7,15,0,124,2,Feb-22,62,8.26,45,0,0,9,9,0,0,9,2 (2ct 0st),0.3,,
Harmanpreet Kaur,T20I,IRE Women,2018-2023,2,1,4,0,10,1,01-Oct,10,2.5,24,0,0,0,0,0,0,0,0,0,,
Harmanpreet Kaur,T20I,MAS Women,2018-2022,2,0,-,-,-,-,-,-,-,-,0,0,0,0,0,0,0,0,0,,
Harmanpreet Kaur,T20I,NZ Women,2009-2024,14,5,13.2,0,88,0,-,-,6.6,-,0,0,8,8,0,0,8,2 (2ct 0st),0.571,,
Harmanpreet Kaur,T20I,PAK Women,2009-2024,15,4,9,0,36,3,Feb-16,12,4,18,0,0,10,10,0,0,10,1 (1ct 0st),0.666,,
Harmanpreet Kaur,T20I,SA Women,2014-2024,15,9,17.3,0,107,4,01-May,26.75,6.11,26.2,0,0,4,4,0,0,4,1 (1ct 0st),0.285,,
Harmanpreet Kaur,T20I,SL Women,2009-2025,29,8,14.3,0,90,6,02-Mar,15,6.2,14.5,0,0,11,11,0,0,11,2 (2ct 0st),0.379,,
Harmanpreet Kaur,T20I,THA Women,2018-2022,2,1,3,0,11,3,03-Nov,3.66,3.66,6,0,0,0,0,0,0,0,0,0,,
Harmanpreet Kaur,T20I,UAE Women,2024-2024,1,0,-,-,-,-,-,-,-,-,0,0,1,1,0,0,1,1 (1ct 0st),1,,
Harmanpreet Kaur,T20I,WI Women,2011-2024,21,8,15,0,91,7,Apr-23,13,6.06,12.8,1,0,10,10,0,0,10,2 (2ct 0st),0.476,,
,,,,,,,,,,,,,,,,,,,,,,,,
playerId,format,vs Team,Span,Mat,Inns,Overs,Mdns,Runs Conceded,Wkts,BBI,Bowl Avg,Econ,SR,4w,5w,Dis,Ct,St,Ct Wk,Ct Fi,MD,D/I,,
Smriti Mandhana,T20I,AUS Women,2016-2026,29,0,-,-,-,-,-,-,-,-,0,0,6,6,0,0,6,2 (2ct 0st),0.214,,
Smriti Mandhana,T20I,BAN Women,2013-2024,17,0,-,-,-,-,-,-,-,-,0,0,4,4,0,0,4,2 (2ct 0st),0.235,,
Smriti Mandhana,T20I,Barbados Wmn,2022-2022,1,0,-,-,-,-,-,-,-,-,0,0,0,0,0,0,0,0,0,,
Smriti Mandhana,T20I,ENG Women,2014-2025,26,0,-,-,-,-,-,-,-,-,0,0,8,8,0,0,8,1 (1ct 0st),0.307,,
Smriti Mandhana,T20I,IRE Women,2018-2023,2,0,-,-,-,-,-,-,-,-,0,0,0,0,0,0,0,0,0,,
Smriti Mandhana,T20I,MAS Women,2018-2023,2,0,-,-,-,-,-,-,-,-,0,0,0,0,0,0,0,0,0,,
Smriti Mandhana,T20I,Nepal Women,2024-2024,1,0,-,-,-,-,-,-,-,-,0,0,1,1,0,0,1,1 (1ct 0st),1,,
Smriti Mandhana,T20I,NZ Women,2015-2024,8,0,-,-,-,-,-,-,-,-,0,0,2,2,0,0,2,2 (2ct 0st),0.25,,
Smriti Mandhana,T20I,PAK Women,2014-2024,10,0,-,-,-,-,-,-,-,-,0,0,0,0,0,0,0,0,0,,
Smriti Mandhana,T20I,SA Women,2014-2024,19,0,-,-,-,-,-,-,-,-,0,0,5,5,0,0,5,2 (2ct 0st),0.277,,
Smriti Mandhana,T20I,SL Women,2014-2025,25,0,-,-,-,-,-,-,-,-,0,0,12,12,0,0,12,2 (2ct 0st),0.48,,
Smriti Mandhana,T20I,THA Women,2018-2022,3,0,-,-,-,-,-,-,-,-,0,0,0,0,0,0,0,0,0,,
Smriti Mandhana,T20I,UAE Women,2022-2024,2,0,-,-,-,-,-,-,-,-,0,0,1,1,0,0,1,1 (1ct 0st),0.5,,
Smriti Mandhana,T20I,WI Women,2014-2024,15,0,-,-,-,-,-,-,-,-,0,0,4,4,0,0,4,1 (1ct 0st),0.266,,
,,,,,,,,,,,,,,,,,,,,,,,,
playerId,format,vs Team,Span,Mat,Inns,Overs,Mdns,Runs Conceded,Wkts,BBI,Bowl Avg,Econ,SR,4w,5w,Dis,Ct,St,Ct Wk,Ct Fi,MD,D/I,,
Jemimah Rodrigues,T20I,AUS Women,2018-2026,25,1,1,0,11,0,-,-,11,-,0,0,5,5,0,0,5,3 (3ct 0st),0.208,,
Jemimah Rodrigues,T20I,BAN Women,2020-2024,7,2,6,0,27,1,01-Sep,27,4.5,36,0,0,1,1,0,0,1,1 (1ct 0st),0.142,,
Jemimah Rodrigues,T20I,Barbados Wmn,2022-2022,1,0,-,-,-,-,-,-,-,-,0,0,0,0,0,0,0,0,0,,
Jemimah Rodrigues,T20I,ENG Women,2018-2025,18,1,1,0,6,0,-,-,6,-,0,0,8,8,0,0,8,2 (2ct 0st),0.444,,
Jemimah Rodrigues,T20I,IRE Women,2018-2023,2,1,1,0,6,0,-,-,6,-,0,0,0,0,0,0,0,0,0,,
Jemimah Rodrigues,T20I,MAS Women,2022-2023,2,0,-,-,-,-,-,-,-,-,0,0,0,0,0,0,0,0,0,,
Jemimah Rodrigues,T20I,Nepal Women,2024-2024,1,0,-,-,-,-,-,-,-,-,0,0,0,0,0,0,0,0,0,,
Jemimah Rodrigues,T20I,NZ Women,2018-2024,6,0,-,-,-,-,-,-,-,-,0,0,4,4,0,0,4,1 (1ct 0st),0.666,,
Jemimah Rodrigues,T20I,PAK Women,2018-2024,6,0,-,-,-,-,-,-,-,-,0,0,4,4,0,0,4,2 (2ct 0st),0.666,,
Jemimah Rodrigues,T20I,SA Women,2018-2024,18,0,-,-,-,-,-,-,-,-,0,0,3,3,0,0,3,1 (1ct 0st),0.176,,
Jemimah Rodrigues,T20I,SL Women,2018-2025,17,0,-,-,-,-,-,-,-,-,0,0,3,3,0,0,3,2 (2ct 0st),0.176,,
Jemimah Rodrigues,T20I,THA Women,2022-2022,2,0,-,-,-,-,-,-,-,-,0,0,0,0,0,0,0,0,0,,
Jemimah Rodrigues,T20I,UAE Women,2022-2024,2,0,-,-,-,-,-,-,-,-,0,0,1,1,0,0,1,1 (1ct 0st),0.5,,
Jemimah Rodrigues,T20I,WI Women,2019-2024,11,0,-,-,-,-,-,-,-,-,0,0,1,1,0,0,1,1 (1ct 0st),0.09,,
,,,,,,,,,,,,,,,,,,,,,,,,
playerId,format,vs Team,Span,Mat,Inns,Overs,Mdns,Runs Conceded,Wkts,BBI,Bowl Avg,Econ,SR,4w,5w,Dis,Ct,St,Ct Wk,Ct Fi,MD,D/I,,
Deepti Sharma,T20I,AUS Women,2016-2026,26,25,90.1,1,655,30,Feb-22,21.83,7.26,18,0,0,10,10,0,0,10,2 (2ct 0st),0.4,,
Deepti Sharma,T20I,BAN Women,2018-2024,14,14,48.4,1,221,11,03-Dec,20.09,4.54,26.5,0,0,4,4,0,0,4,1 (1ct 0st),0.285,,
Deepti Sharma,T20I,Barbados Wmn,2022-2022,1,1,2,0,6,0,-,-,3,-,0,0,1,1,0,0,1,1 (1ct 0st),1,,
Deepti Sharma,T20I,ENG Women,2018-2025,24,24,88.1,0,645,25,Mar-27,25.8,7.31,21.1,0,0,5,5,0,0,5,2 (2ct 0st),0.208,,
Deepti Sharma,T20I,IRE Women,2018-2023,2,2,4,0,26,2,Feb-15,13,6.5,12,0,0,0,0,0,0,0,0,0,,
Deepti Sharma,T20I,MAS Women,2018-2023,3,2,5,1,14,1,01-Oct,14,2.8,30,0,0,0,0,0,0,0,0,0,,
Deepti Sharma,T20I,Nepal Women,2024-2024,1,1,4,0,13,3,Mar-13,4.33,3.25,8,0,0,1,1,0,0,1,1 (1ct 0st),1,,
Deepti Sharma,T20I,NZ Women,2018-2024,7,7,28,0,197,6,Feb-26,32.83,7.03,28,0,0,5,5,0,0,5,2 (2ct 0st),0.714,,
Deepti Sharma,T20I,PAK Women,2018-2024,7,7,27,0,166,9,Mar-20,18.44,6.14,18,0,0,1,1,0,0,1,1 (1ct 0st),0.142,,
Deepti Sharma,T20I,SA Women,2018-2024,14,13,48,4,319,16,03-Aug,19.93,6.64,18,0,0,8,8,0,0,8,2 (2ct 0st),0.615,,
Deepti Sharma,T20I,SL Women,2016-2025,21,21,76.5,2,425,21,Mar-18,20.23,5.53,21.9,0,0,6,6,0,0,6,1 (1ct 0st),0.285,,
Deepti Sharma,T20I,THA Women,2018-2022,3,3,12,1,33,7,03-Jul,4.71,2.75,10.2,0,0,0,0,0,0,0,0,0,,
Deepti Sharma,T20I,UAE Women,2022-2024,2,2,7,0,34,2,Feb-23,17,4.85,21,0,0,0,0,0,0,0,0,0,,
Deepti Sharma,T20I,WI Women,2016-2024,11,11,40,3,205,20,04-Oct,10.25,5.12,12,1,0,1,1,0,0,1,1 (1ct 0st),0.09,,
,,,,,,,,,,,,,,,,,,,,,,,,
playerId,format,vs Team,Span,Mat,Inns,Overs,Mdns,Runs Conceded,Wkts,BBI,Bowl Avg,Econ,SR,4w,5w,Dis,Ct,St,Ct Wk,Ct Fi,MD,D/I,,
Shree Charani,T20I,AUS Women,2026-2026,3,3,10,0,74,5,Mar-32,14.8,7.4,12,0,0,1,1,0,0,1,1 (1ct 0st),0.333,,
Shree Charani,T20I,ENG Women,2025-2025,5,5,19.5,0,148,10,04-Dec,14.8,7.46,11.9,1,0,2,2,0,0,2,1 (1ct 0st),0.4,,
Shree Charani,T20I,SL Women,2025-2025,5,5,17,0,141,5,Feb-23,28.2,8.29,20.4,0,0,2,2,0,0,2,2 (2ct 0st),0.4,,
,,,,,,,,,,,,,,,,,,,,,,,,
playerId,format,vs Team,Span,Mat,Inns,Overs,Mdns,Runs Conceded,Wkts,BBI,Bowl Avg,Econ,SR,4w,5w,Dis,Ct,St,Ct Wk,Ct Fi,MD,D/I,,
Tanuja Kanwar,T20I,BAN Women,2024-2024,1,1,4,0,16,0,-,-,4,-,0,0,1,1,0,0,1,1 (1ct 0st),1,,
Tanuja Kanwar,T20I,Nepal Women,2024-2024,1,1,4,1,12,0,-,-,3,-,0,0,0,0,0,0,0,0,0,,
Tanuja Kanwar,T20I,SL Women,2024-2024,1,1,4,0,34,0,-,-,8.5,-,0,0,0,0,0,0,0,0,0,,
Tanuja Kanwar,T20I,UAE Women,2024-2024,1,1,4,0,14,1,Jan-14,14,3.5,24,0,0,1,1,0,0,1,1 (1ct 0st),1,,
,,,,,,,,,,,,,,,,,,,,,,,,
playerId,format,vs Team,Span,Mat,Inns,Overs,Mdns,Runs Conceded,Wkts,BBI,Bowl Avg,Econ,SR,4w,5w,Dis,Ct,St,Ct Wk,Ct Fi,MD,D/I,,
Titas Sadhu,T20I,AUS Women,2024-2024,3,3,10,0,61,4,Apr-17,15.25,6.1,15,1,0,1,1,0,0,1,1 (1ct 0st),0.333,,
Titas Sadhu,T20I,BAN Women,2023-2024,3,3,10,0,47,2,01-Oct,23.5,4.7,30,0,0,0,0,0,0,0,0,0,,
Titas Sadhu,T20I,ENG Women,2023-2023,2,2,3,0,33,0,-,-,11,-,0,0,0,0,0,0,0,0,0,,
Titas Sadhu,T20I,SL Women,2023-2023,1,1,4,1,6,3,03-Jun,2,1.5,8,0,0,1,1,0,0,1,1 (1ct 0st),1,,
Titas Sadhu,T20I,WI Women,2024-2024,3,3,9,0,100,4,Mar-37,25,11.11,13.5,0,0,1,1,0,0,1,1 (1ct 0st),0.333,,
,,,,,,,,,,,,,,,,,,,,,,,,
playerId,format,vs Team,Span,Mat,Inns,Overs,Mdns,Runs Conceded,Wkts,BBI,Bowl Avg,Econ,SR,4w,5w,Dis,Ct,St,Ct Wk,Ct Fi,MD,D/I,,
Uma Chetry,T20I,BAN Women,2024-2024,1,0,-,-,-,-,-,-,-,-,0,0,1,1,0,0,1,1 (1ct 0st),1,,
Uma Chetry,T20I,SA Women,2024-2024,2,0,-,-,-,-,-,-,-,-,0,0,2,1,1,1,0,1 (1ct 0st),1,,
Uma Chetry,T20I,SL Women,2024-2024,1,0,-,-,-,-,-,-,-,-,0,0,0,0,0,0,0,0,0,,
Uma Chetry,T20I,WI Women,2024-2024,3,0,-,-,-,-,-,-,-,-,0,0,1,1,0,0,1,1 (1ct 0st),0.333,,
,,,,,,,,,,,,,,,,,,,,,,,,
playerId,format,vs Team,Span,Mat,Inns,Overs,Mdns,Runs Conceded,Wkts,BBI,Bowl Avg,Econ,SR,4w,5w,Dis,Ct,St,Ct Wk,Ct Fi,MD,D/I,,
Vaishnavi Sharma,T20I,SL Women,2025-2025,5,5,19,0,119,5,Feb-24,23.8,6.26,22.8,0,0,0,0,0,0,0,0,0,,
,,,,,,,,,,,,,,,,,,,,,,,,
playerId,format,vs Team,Span,Mat,Inns,Overs,Mdns,Runs Conceded,Wkts,BBI,Bowl Avg,Econ,SR,4w,5w,Dis,Ct,St,Ct Wk,Ct Fi,MD,D/I,,
Saima Thakor,T20I,WI Women,2024-2024,3,3,11,0,96,1,Jan-28,96,8.72,66,0,0,1,1,0,0,1,1 (1ct 0st),0.333,,
,,,,,,,,,,,,,,,,,,,,,,,,
playerId,format,vs Team,Span,Mat,Inns,Overs,Mdns,Runs Conceded,Wkts,BBI,Bowl Avg,Econ,SR,4w,5w,Dis,Ct,St,Ct Wk,Ct Fi,MD,D/I,,
Saika Ishaque,T20I,ENG Women,2023-2023,3,3,10,0,81,5,Mar-22,16.2,8.1,12,0,0,0,0,0,0,0,0,0,,
,,,,,,,,,,,,,,,,,,,,,,,,
playerId,format,vs Team,Span,Mat,Inns,Overs,Mdns,Runs Conceded,Wkts,BBI,Bowl Avg,Econ,SR,4w,5w,Dis,Ct,St,Ct Wk,Ct Fi,MD,D/I,,
Radha Yadav,T20I,AUS Women,2018-2024,15,15,51,0,413,11,Feb-13,37.54,8.09,27.8,0,0,8,8,0,0,8,2 (2ct 0st),0.533,,
Radha Yadav,T20I,BAN Women,2024-2024,6,6,23,2,110,13,Mar-14,8.46,4.78,10.6,0,0,1,1,0,0,1,1 (1ct 0st),0.166,,
Radha Yadav,T20I,Barbados Women,2022-2022,1,1,3,0,10,1,01-Oct,10,3.33,18,0,0,1,1,0,0,1,1 (1ct 0st),1,,
Radha Yadav,T20I,ENG Women,2018-2025,19,18,61.5,1,431,16,Feb-15,26.93,6.97,23.1,0,0,6,6,0,0,6,1 (1ct 0st),0.315,,
Radha Yadav,T20I,IRE Women,2018-2018,1,1,4,0,25,3,Mar-25,8.33,6.25,8,0,0,0,0,0,0,0,0,0,,
Radha Yadav,T20I,Nepal Women,2024-2024,1,1,3,0,12,2,02-Dec,6,4,9,0,0,0,0,0,0,0,0,0,,
Radha Yadav,T20I,NZ Women,2018-2020,5,5,20,0,152,7,Feb-23,21.71,7.6,17.1,0,0,3,3,0,0,3,2 (2ct 0st),0.6,,
Radha Yadav,T20I,PAK Women,2018-2024,5,5,17,0,108,4,Feb-18,27,6.35,25.5,0,0,2,2,0,0,2,2 (2ct 0st),0.4,,
Radha Yadav,T20I,SA Women,2018-2024,12,11,37.5,1,253,16,03-Jun,15.81,6.68,14.1,0,0,6,6,0,0,6,2 (2ct 0st),0.545,,
Radha Yadav,T20I,SL Women,2018-2024,11,11,35.5,0,245,15,Apr-23,16.33,6.83,14.3,1,0,4,4,0,0,4,1 (1ct 0st),0.363,,
Radha Yadav,T20I,THA Women,2022-2022,1,1,4,0,23,0,-,-,5.75,-,0,0,0,0,0,0,0,0,0,,
Radha Yadav,T20I,UAE Women,2024-2024,1,1,4,0,29,1,Jan-29,29,7.25,24,0,0,0,0,0,0,0,0,0,,
Radha Yadav,T20I,WI Women,2019-2024,10,10,33,3,156,14,Apr-29,11.14,4.72,14.1,1,0,2,2,0,0,2,1 (1ct 0st),0.2,,
,,,,,,,,,,,,,,,,,,,,,,,,
playerId,format,vs Team,Span,Mat,Inns,Overs,Mdns,Runs Conceded,Wkts,BBI,Bowl Avg,Econ,SR,4w,5w,Dis,Ct,St,Ct Wk,Ct Fi,MD,D/I,,
Amanjot Kaur,T20I,AUS Women,2024-2026,5,4,7,0,72,1,Jan-23,72,10.28,42,0,0,4,4,0,0,4,2 (2ct 0st),0.8,,
Amanjot Kaur,T20I,BAN Women,2023-2023,4,2,5,0,29,1,01-Oct,29,5.8,30,0,0,0,0,0,0,0,0,0,,
Amanjot Kaur,T20I,ENG Women,2023-2025,5,5,16,0,126,5,Feb-25,25.2,7.87,19.2,0,0,1,1,0,0,1,1 (1ct 0st),0.2,,
Amanjot Kaur,T20I,SA Women,2023-2023,1,1,1,0,6,0,-,-,6,-,0,0,0,0,0,0,0,0,0,,
Amanjot Kaur,T20I,SL Women,2023-2025,6,6,11,0,75,1,Jan-17,75,6.81,66,0,0,3,3,0,0,3,2 (2ct 0st),0.5,,
Amanjot Kaur,T20I,WI Women,2023-2023,1,1,2,0,10,0,-,-,5,-,0,0,1,1,0,0,1,1 (1ct 0st),1,,
,,,,,,,,,,,,,,,,,,,,,,,,
playerId,format,vs Team,Span,Mat,Inns,Overs,Mdns,Runs Conceded,Wkts,BBI,Bowl Avg,Econ,SR,4w,5w,Dis,Ct,St,Ct Wk,Ct Fi,MD,D/I,,
Priya Punia,T20I,NZ Women,2019-2019,3,0,0,0,0,0,-,-,-,-,0,0,1,1,0,0,1,1 (1ct 0st),0.333,,
,,,,,,,,,,,,,,,,,,,,,,,,
playerId,format,vs Team,Span,Mat,Inns,Overs,Mdns,Runs Conceded,Wkts,BBI,Bowl Avg,Econ,SR,4w,5w,Dis,Ct,St,Ct Wk,Ct Fi,MD,D/I,,
Minnu Mani,T20I,BAN Women,2023-2023,3,3,11,1,58,5,02-Sep,11.6,5.27,13.2,0,0,0,0,0,0,0,0,0,,
Minnu Mani,T20I,MAS Women,2023-2023,1,0,0,0,0,0,-,-,-,-,0,0,0,0,0,0,0,0,0,,
,,,,,,,,,,,,,,,,,,,,,,,,
playerId,format,vs Team,Span,Mat,Inns,Overs,Mdns,Runs Conceded,Wkts,BBI,Bowl Avg,Econ,SR,4w,5w,Dis,Ct,St,Ct Wk,Ct Fi,MD,D/I,,
Harleen Deol,T20I,AUS Women,2020-2022,5,1,2,0,21,1,Jan-21,21,10.5,12,0,0,2,2,0,0,2,1 (1ct 0st),0.4,,
Harleen Deol,T20I,BAN Women,2023-2023,2,0,0,0,0,0,-,-,-,-,0,0,1,1,0,0,1,1 (1ct 0st),0.5,,
Harleen Deol,T20I,ENG Women,2019-2025,8,3,4,0,29,2,Feb-13,14.5,7.25,12,0,0,2,2,0,0,2,1 (1ct 0st),0.25,,
Harleen Deol,T20I,PAK Women,2023-2023,1,0,0,0,0,0,-,-,-,-,0,0,0,0,0,0,0,0,0,,
Harleen Deol,T20I,SA Women,2021-2023,6,3,7,0,63,2,Jan-21,31.5,9,21,0,0,1,1,0,0,1,1 (1ct 0st),0.2,,
Harleen Deol,T20I,SL Women,2025-2025,2,0,0,0,0,0,-,-,-,-,0,0,1,1,0,0,1,1 (1ct 0st),0.5,,
Harleen Deol,T20I,WI Women,2019-2023,4,2,5,0,27,1,Jan-13,27,5.4,30,0,0,1,1,0,0,1,1 (1ct 0st),0.25,,
,,,,,,,,,,,,,,,,,,,,,,,,
playerId,format,vs Team,Span,Mat,Inns,Overs,Mdns,Runs Conceded,Wkts,BBI,Bowl Avg,Econ,SR,4w,5w,Dis,Ct,St,Ct Wk,Ct Fi,MD,D/I,,
Gunalan Kamalini,T20I,SL Women,2025-2025,1,0,0,0,0,0,-,-,-,-,0,0,0,0,0,0,0,0,0,,
,,,,,,,,,,,,,,,,,,,,,,,,
playerId,format,vs Team,Span,Mat,Inns,Overs,Mdns,Runs Conceded,Wkts,BBI,Bowl Avg,Econ,SR,4w,5w,Dis,Ct,St,Ct Wk,Ct Fi,MD,D/I,,
Dayalan Hemalatha,T20I,AUS Women,2020-2026,23,22,0,0,0,0,-,-,-,-,0,0,6,6,0,0,6,1 (1ct 0st),0.272,,
Dayalan Hemalatha,T20I,BAN Women,2020-2024,12,12,0,0,0,0,-,-,-,-,0,0,8,8,0,0,8,2 (2ct 0st),0.666,,
Dayalan Hemalatha,T20I,ENG Women,2020-2025,18,18,0,0,0,0,-,-,-,-,0,0,1,1,0,0,1,1 (1ct 0st),0.055,,
Dayalan Hemalatha,T20I,Barbados Women,2022-2022,1,1,0,0,0,0,-,-,-,-,0,0,1,1,0,0,1,1 (1ct 0st),1,,
Dayalan Hemalatha,T20I,Nepal Women,2024-2024,1,1,0,0,0,0,-,-,-,-,0,0,1,1,0,0,1,1 (1ct 0st),1,,
Dayalan Hemalatha,T20I,NZ Women,2020-2024,3,3,0,0,0,0,-,-,-,-,0,0,2,2,0,0,2,2 (2ct 0st),0.666,,
Dayalan Hemalatha,T20I,PAK Women,2022-2024,4,4,0,0,0,0,-,-,-,-,0,0,3,3,0,0,3,2 (2ct 0st),0.75,,
Dayalan Hemalatha,T20I,SA Women,2019-2024,10,10,0,0,0,0,-,-,-,-,0,0,3,3,0,0,3,1 (1ct 0st),0.3,,
Dayalan Hemalatha,T20I,SL Women,2020-2025,14,14,0,0,0,0,-,-,-,-,0,0,3,3,0,0,3,1 (1ct 0st),0.214,,
Dayalan Hemalatha,T20I,THA Women,2022-2022,2,2,0,0,0,0,-,-,-,-,0,0,1,1,0,0,1,1 (1ct 0st),0.5,,
Dayalan Hemalatha,T20I,UAE Women,2024-2024,1,1,0,0,0,0,-,-,-,-,0,0,1,1,0,0,1,1 (1ct 0st),1,,
Dayalan Hemalatha,T20I,WI Women,2019-2023,6,6,0,0,0,0,-,-,-,-,0,0,0,0,0,0,0,0,0,,
,,,,,,,,,,,,,,,,,,,,,,,,
playerId,format,vs Team,Span,Mat,Inns,Overs,Mdns,Runs Conceded,Wkts,BBI,Bowl Avg,Econ,SR,4w,5w,Dis,Ct,St,Ct Wk,Ct Fi,MD,D/I,,
Bharti Fulmali,T20I,ENG Women,2019-2019,2,0,0,0,0,0,-,-,-,-,0,0,0,0,0,0,0,0,0,,
,,,,,,,,,,,,,,,,,,,,,,,,
playerId,format,vs Team,Span,Mat,Inns,Overs,Mdns,Runs Conceded,Wkts,BBI,Bowl Avg,Econ,SR,4w,5w,Dis,Ct,St,Ct Wk,Ct Fi,MD,D/I,,
Arundhati Reddy,T20I,AUS Women,2018-2026,9,9,29.4,0,232,10,Apr-22,23.2,7.82,17.8,1,0,1,1,0,0,1,1 (1ct 0st),0.111,,
Arundhati Reddy,T20I,BAN Women,2020-2020,1,1,4,0,33,2,Feb-33,16.5,8.25,12,0,0,1,1,0,0,1,1 (1ct 0st),1,,
Arundhati Reddy,T20I,ENG Women,2018-2025,11,10,28,0,247,7,Mar-32,35.28,8.82,24,0,0,7,7,0,0,7,3 (3ct 0st),0.636,,
Arundhati Reddy,T20I,Nepal Women,2024-2024,1,1,4,0,28,2,Feb-28,14,7,12,0,0,0,0,0,0,0,0,0,,
Arundhati Reddy,T20I,NZ Women,2018-2024,5,5,20,0,157,6,Feb-22,26.16,7.85,20,0,0,0,0,0,0,0,0,0,,
Arundhati Reddy,T20I,PAK Women,2018-2024,2,2,8,1,43,4,Mar-19,10.75,5.37,12,0,0,0,0,0,0,0,0,0,,
Arundhati Reddy,T20I,SA Women,2019-2024,6,6,22.1,0,152,4,Jan-14,38,6.85,33.2,0,0,2,2,0,0,2,2 (2ct 0st),0.333,,
Arundhati Reddy,T20I,SL Women,2018-2025,10,10,32,0,245,10,Mar-19,24.5,7.65,19.2,0,0,3,3,0,0,3,1 (1ct 0st),0.3,,
,,,,,,,,,,,,,,,,,,,,,,,,
playerId,format,vs Team,Span,Mat,Inns,Overs,Mdns,Runs Conceded,Wkts,BBI,Bowl Avg,Econ,SR,4w,5w,Dis,Ct,St,Ct Wk,Ct Fi,MD,D/I,,
Anjali Sarvani,T20I,AUS Women,2022-2022,5,5,19,0,166,3,Feb-34,55.33,8.73,38,0,0,0,0,0,0,0,0,0,,
Anjali Sarvani,T20I,SA Women,2023-2023,1,1,3,0,25,0,-,-,8.33,-,0,0,0,0,0,0,0,0,0,,
,,,,,,,,,,,,,,,,,,,,,,,,
playerId,format,vs Team,Span,Mat,Inns,Overs,Mdns,Runs Conceded,Wkts,BBI,BBM,Bowl Avg,Econ,SR,5w,10w,Dis,Ct,St,Ct Wk,Ct Fi,MD,D/I,
Poonam Yadav,Test,SA Women,2014-2014,1,2,41,17,68,3,Feb-22,Mar-68,22.66,1.65,82,0,0,0,0,0,0,0,0,0,
,,,,,,,,,,,,,,,,,,,,,,,,
playerId,format,vs Team,Span,Mat,Inns,Overs,Mdns,Runs Conceded,Wkts,BBI,BBM,Bowl Avg,Econ,SR,5w,10w,Dis,Ct,St,Ct Wk,Ct Fi,MD,D/I,
Poonam Yadav,ODI,AUS Women,2016-2021,8,8,66,0,391,6,Feb-52,-,65.16,5.92,66,0,0,1,1,0,0,1,1 (1ct 0st),0.125,
Poonam Yadav,ODI,BAN Women,2013-2022,3,3,27,3,66,4,Mar-15,-,16.5,2.44,40.5,0,0,1,1,0,0,1,1 (1ct 0st),0.333,
Poonam Yadav,ODI,ENG Women,2017-2021,10,10,92.5,3,387,16,Apr-30,-,24.18,4.16,34.8,0,0,3,3,0,0,3,2 (2ct 0st),0.3,
Poonam Yadav,ODI,IRE Women,2017-2017,1,1,10,1,30,3,Mar-30,-,10,3,20,0,0,0,0,0,0,0,0,0,
Poonam Yadav,ODI,NZ Women,2015-2022,8,8,63,3,305,11,Mar-42,-,27.72,4.84,34.3,0,0,0,0,0,0,0,0,0,
Poonam Yadav,ODI,PAK Women,2017-2017,2,2,12,4,15,0,-,-,-,1.25,-,0,0,0,0,0,0,0,0,0,
Poonam Yadav,ODI,SA Women,2014-2021,15,15,133.5,7,496,18,Apr-24,-,27.55,3.7,44.6,0,0,3,3,0,0,3,2 (2ct 0st),0.2,
Poonam Yadav,ODI,SL Women,2014-2018,7,7,61.2,7,206,15,Apr-13,-,13.73,3.35,24.5,0,0,4,4,0,0,4,2 (2ct 0st),0.571,
Poonam Yadav,ODI,WI Women,2017-2019,4,4,40,6,116,7,Feb-19,-,16.57,2.9,34.2,0,0,1,1,0,0,1,1 (1ct 0st),0.25,
,,,,,,,,,,,,,,,,,,,,,,,,
playerId,format,vs Team,Span,Mat,Inns,Overs,Mdns,Runs Conceded,Wkts,BBI,BBM,Bowl Avg,Econ,SR,5w,10w,Dis,Ct,St,Ct Wk,Ct Fi,MD,D/I,
Poonam Yadav,T20,AUS Women,2016-2020,7,7,26,0,176,12,Apr-19,-,14.66,6.76,13,0,0,2,2,0,0,2,1 (1ct 0st),0.285,
Poonam Yadav,T20,BAN Women,2013-2020,9,9,34,1,136,20,04-Sep,-,6.8,4,10.2,0,0,2,2,0,0,2,1 (1ct 0st),0.222,
Poonam Yadav,T20,ENG Women,2014-2021,10,10,37,0,229,8,Feb-17,-,28.62,6.18,27.7,0,0,4,4,0,0,4,1 (1ct 0st),0.4,
Poonam Yadav,T20,IRE Women,2018-2018,1,1,4,0,14,1,Jan-14,-,14,3.5,24,0,0,1,1,0,0,1,1 (1ct 0st),1,
Poonam Yadav,T20,MAS Women,2018-2018,1,1,2,2,0,2,2/0,-,0,0,6,0,0,0,0,0,0,0,0,0,
Poonam Yadav,T20,NZ Women,2015-2022,8,8,32,0,234,10,Mar-33,-,23.4,7.31,19.2,0,0,1,1,0,0,1,1 (1ct 0st),0.125,
Poonam Yadav,T20,PAK Women,2014-2018,4,4,15,0,72,5,Feb-22,-,14.4,4.8,18,0,0,2,2,0,0,2,1 (1ct 0st),0.5,
Poonam Yadav,T20,SA Women,2014-2021,11,11,38,1,234,15,Mar-13,-,15.6,6.15,15.2,0,0,2,2,0,0,2,1 (1ct 0st),0.181,
Poonam Yadav,T20,SL Women,2014-2020,12,12,40,0,229,17,Apr-26,-,13.47,5.72,14.1,0,0,0,0,0,0,0,0,0,
Poonam Yadav,T20,THA Women,2018-2018,1,1,3,0,15,1,Jan-15,-,15,5,18,0,0,1,1,0,0,1,1 (1ct 0st),1,
Poonam Yadav,T20,WI Women,2014-2019,8,8,29,1,156,7,Feb-24,-,22.28,5.37,24.8,0,0,0,0,0,0,0,0,0,
,,,,,,,,,,,,,,,,,,,,,,,,
playerId,format,vs Team,Span,Mat,Inns,Overs,Mdns,Runs Conceded,Wkts,BBI,BBM,Bowl Avg,Econ,SR,5w,10w,Dis,Ct,St,Ct Wk,Ct Fi,MD,D/I,
Tejal Hasabnis,ODI,IRE Women,2025-2025,3,3,-,-,-,-,-,-,-,-,-,-,-,0,0,0,0,0,0,0,
Tejal Hasabnis,ODI,NZ Women,2024-2024,3,3,-,-,-,-,-,-,-,-,-,-,-,1,1,0,0,1,1 (1ct 0st),0.333,
